Sl. No.,Branch,Sem,Code,Register Number
1,AI&DS,3,U23MA204,722825243003
2,AI&DS,3,U23CS403,722825243003
3,AI&DS,3,U23CS404,722825243003
4,AI&DS,3,U23EC382,722825243003
5,AI&DS,3,U23CS491,722825243003
6,AI&DS,3,U23AD491,722825243003
7,AI&DS,3,U23MA204,722825243035
8,AI&DS,3,U23CS403,722825243035
9,AI&DS,3,U23CS404,722825243035
10,AI&DS,3,U23EC382,722825243035
11,AI&DS,3,U23CS491,722825243035
12,AI&DS,3,U23AD491,722825243035
13,AI&DS,3,U23MA204,722825243159
14,AI&DS,3,U23CS403,722825243159
15,AI&DS,3,U23CS404,722825243159
16,AI&DS,3,U23EC382,722825243159
17,AI&DS,3,U23CS491,722825243159
18,AI&DS,3,U23AD491,722825243159
19,AI&DS,3,U23MA204,722825243220
20,AI&DS,3,U23CS403,722825243220
21,AI&DS,3,U23CS404,722825243220
22,AI&DS,3,U23EC382,722825243220
23,AI&DS,3,U23CS491,722825243220
24,AI&DS,3,U23AD491,722825243220
25,AI&DS,7,U23CB103,722823243058
26,AI&DS,7,U23CB104,722823243058
27,AI&DS,7,U23AM586,722823243058
28,AI&DS,7,U23OME06,722823243058
29,AI&DS,7,U23AD511,722823243058
30,AI&DS,3,U23MA204,722825243001
31,AI&DS,3,U23CS403,722825243001
32,AI&DS,3,U23CS404,722825243001
33,AI&DS,3,U23EC382,722825243001
34,AI&DS,3,U23CS491,722825243001
35,AI&DS,3,U23AD491,722825243001
36,AI&DS,3,U23MA204,722825243116
37,AI&DS,3,U23CS403,722825243116
38,AI&DS,3,U23CS404,722825243116
39,AI&DS,3,U23EC382,722825243116
40,AI&DS,3,U23CS491,722825243116
41,AI&DS,3,U23AD491,722825243116
42,AI&DS,7,U23CB103,722823243112
43,AI&DS,7,U23CB104,722823243112
44,AI&DS,7,U23AM586,722823243112
45,AI&DS,7,U23OME06,722823243112
46,AI&DS,7,U23AD511,722823243112
47,AI&DS,7,U23CB103,722823243141
48,AI&DS,7,U23CB104,722823243141
49,AI&DS,7,U23AM586,722823243141
50,AI&DS,7,U23OME06,722823243141
51,AI&DS,7,U23AD511,722823243141
52,AI&DS,5,U23AD401,722824243007
53,AI&DS,5,U23AD484,722824243007
54,AI&DS,5,U23IT484,722824243007
55,AI&DS,5,U23AM491,722824243007
56,AI&DS,5,U23CB593,722824243007
57,AI&DS,5,U23EC384,722824243007
58,AI&DS,5,U23AD401,722824243015
59,AI&DS,5,U23AD484,722824243015
60,AI&DS,5,U23IT484,722824243015
61,AI&DS,5,U23AM491,722824243015
62,AI&DS,5,U23CB593,722824243015
63,AI&DS,5,U23EC384,722824243015
64,AI&DS,5,U23AD401,722824243134
65,AI&DS,5,U23AD484,722824243134
66,AI&DS,5,U23IT484,722824243134
67,AI&DS,5,U23AM491,722824243134
68,AI&DS,5,U23CB593,722824243134
69,AI&DS,5,U23EC384,722824243134
70,AI&DS,5,U23AD401,722824243302
71,AI&DS,5,U23AD484,722824243302
72,AI&DS,5,U23IT484,722824243302
73,AI&DS,5,U23AM491,722824243302
74,AI&DS,5,U23CB593,722824243302
75,AI&DS,5,U23EC384,722824243302
76,AI&DS,5,U23AD401,722824243309
77,AI&DS,5,U23AD484,722824243309
78,AI&DS,5,U23IT484,722824243309
79,AI&DS,5,U23AM491,722824243309
80,AI&DS,5,U23CB593,722824243309
81,AI&DS,5,U23EC384,722824243309
82,AI&DS,5,U23AD401,722824243246
83,AI&DS,5,U23AD484,722824243246
84,AI&DS,5,U23IT484,722824243246
85,AI&DS,5,U23AM491,722824243246
86,AI&DS,5,U23CB593,722824243246
87,AI&DS,5,U23EC384,722824243246
88,AI&DS,7,U23CB103,722823243090
89,AI&DS,7,U23CB104,722823243090
90,AI&DS,7,U23AM586,722823243090
91,AI&DS,7,U23OME06,722823243090
92,AI&DS,7,U23AD511,722823243090
93,AI&DS,5,U23AD401,722824243311
94,AI&DS,5,U23AD484,722824243311
95,AI&DS,5,U23IT484,722824243311
96,AI&DS,5,U23AM491,722824243311
97,AI&DS,5,U23CB593,722824243311
98,AI&DS,5,U23EC384,722824243311
99,AI&DS,3,U23MA204,722825243004
100,AI&DS,3,U23CS403,722825243004
101,AI&DS,3,U23CS404,722825243004
102,AI&DS,3,U23EC382,722825243004
103,AI&DS,3,U23CS491,722825243004
104,AI&DS,3,U23AD491,722825243004
105,AI&DS,3,U23MA204,722825243056
106,AI&DS,3,U23CS403,722825243056
107,AI&DS,3,U23CS404,722825243056
108,AI&DS,3,U23EC382,722825243056
109,AI&DS,3,U23CS491,722825243056
110,AI&DS,3,U23AD491,722825243056
111,AI&DS,3,U23MA204,722825243243
112,AI&DS,3,U23CS403,722825243243
113,AI&DS,3,U23CS404,722825243243
114,AI&DS,3,U23EC382,722825243243
115,AI&DS,3,U23CS491,722825243243
116,AI&DS,3,U23AD491,722825243243
117,AI&DS,3,U23MA204,722825243023
118,AI&DS,3,U23CS403,722825243023
119,AI&DS,3,U23CS404,722825243023
120,AI&DS,3,U23EC382,722825243023
121,AI&DS,3,U23CS491,722825243023
122,AI&DS,3,U23AD491,722825243023
123,AI&DS,3,U23MA204,722825243103
124,AI&DS,3,U23CS403,722825243103
125,AI&DS,3,U23CS404,722825243103
126,AI&DS,3,U23EC382,722825243103
127,AI&DS,3,U23CS491,722825243103
128,AI&DS,3,U23AD491,722825243103
129,AI&DS,3,U23MA204,722825243109
130,AI&DS,3,U23CS403,722825243109
131,AI&DS,3,U23CS404,722825243109
132,AI&DS,3,U23EC382,722825243109
133,AI&DS,3,U23CS491,722825243109
134,AI&DS,3,U23AD491,722825243109
135,AI&DS,3,U23MA204,722825243234
136,AI&DS,3,U23CS403,722825243234
137,AI&DS,3,U23CS404,722825243234
138,AI&DS,3,U23EC382,722825243234
139,AI&DS,3,U23CS491,722825243234
140,AI&DS,3,U23AD491,722825243234
141,AI&DS,7,U23CB103,722823243032
142,AI&DS,7,U23CB104,722823243032
143,AI&DS,7,U23AM586,722823243032
144,AI&DS,7,U23OME06,722823243032
145,AI&DS,7,U23AD511,722823243032
146,AI&DS,7,U23CB103,722823243110
147,AI&DS,7,U23CB104,722823243110
148,AI&DS,7,U23AM586,722823243110
149,AI&DS,7,U23OME06,722823243110
150,AI&DS,7,U23AD511,722823243110
151,AI&DS,7,U23CB103,722823243106
152,AI&DS,7,U23CB104,722823243106
153,AI&DS,7,U23AM586,722823243106
154,AI&DS,7,U23OME06,722823243106
155,AI&DS,7,U23AD511,722823243106
156,AI&DS,5,U23AD401,722824243187
157,AI&DS,5,U23AD484,722824243187
158,AI&DS,5,U23IT484,722824243187
159,AI&DS,5,U23AM491,722824243187
160,AI&DS,5,U23CB593,722824243187
161,AI&DS,5,U23EC384,722824243187
162,AI&DS,5,U23AD401,722824243067
163,AI&DS,5,U23AD484,722824243067
164,AI&DS,5,U23IT484,722824243067
165,AI&DS,5,U23AM491,722824243067
166,AI&DS,5,U23CB593,722824243067
167,AI&DS,5,U23EC384,722824243067
168,AI&DS,3,U23MA204,722825243011
169,AI&DS,3,U23CS403,722825243011
170,AI&DS,3,U23CS404,722825243011
171,AI&DS,3,U23EC382,722825243011
172,AI&DS,3,U23CS491,722825243011
173,AI&DS,3,U23AD491,722825243011
174,AI&DS,3,U23MA204,722825243029
175,AI&DS,3,U23CS403,722825243029
176,AI&DS,3,U23CS404,722825243029
177,AI&DS,3,U23EC382,722825243029
178,AI&DS,3,U23CS491,722825243029
179,AI&DS,3,U23AD491,722825243029
180,AI&DS,3,U23MA204,722825243041
181,AI&DS,3,U23CS403,722825243041
182,AI&DS,3,U23CS404,722825243041
183,AI&DS,3,U23EC382,722825243041
184,AI&DS,3,U23CS491,722825243041
185,AI&DS,3,U23AD491,722825243041
186,AI&DS,3,U23MA204,722825243059
187,AI&DS,3,U23CS403,722825243059
188,AI&DS,3,U23CS404,722825243059
189,AI&DS,3,U23EC382,722825243059
190,AI&DS,3,U23CS491,722825243059
191,AI&DS,3,U23AD491,722825243059
192,AI&DS,3,U23MA204,722825243064
193,AI&DS,3,U23CS403,722825243064
194,AI&DS,3,U23CS404,722825243064
195,AI&DS,3,U23EC382,722825243064
196,AI&DS,3,U23CS491,722825243064
197,AI&DS,3,U23AD491,722825243064
198,AI&DS,3,U23MA204,722825243067
199,AI&DS,3,U23CS403,722825243067
200,AI&DS,3,U23CS404,722825243067
201,AI&DS,3,U23EC382,722825243067
202,AI&DS,3,U23CS491,722825243067
203,AI&DS,3,U23AD491,722825243067
204,AI&DS,3,U23MA204,722825243106
205,AI&DS,3,U23CS403,722825243106
206,AI&DS,3,U23CS404,722825243106
207,AI&DS,3,U23EC382,722825243106
208,AI&DS,3,U23CS491,722825243106
209,AI&DS,3,U23AD491,722825243106
210,AI&DS,3,U23MA204,722825243115
211,AI&DS,3,U23CS403,722825243115
212,AI&DS,3,U23CS404,722825243115
213,AI&DS,3,U23EC382,722825243115
214,AI&DS,3,U23CS491,722825243115
215,AI&DS,3,U23AD491,722825243115
216,AI&DS,3,U23MA204,722825243119
217,AI&DS,3,U23CS403,722825243119
218,AI&DS,3,U23CS404,722825243119
219,AI&DS,3,U23EC382,722825243119
220,AI&DS,3,U23CS491,722825243119
221,AI&DS,3,U23AD491,722825243119
222,AI&DS,3,U23MA204,722825243139
223,AI&DS,3,U23CS403,722825243139
224,AI&DS,3,U23CS404,722825243139
225,AI&DS,3,U23EC382,722825243139
226,AI&DS,3,U23CS491,722825243139
227,AI&DS,3,U23AD491,722825243139
228,AI&DS,3,U23MA204,722825243151
229,AI&DS,3,U23CS403,722825243151
230,AI&DS,3,U23CS404,722825243151
231,AI&DS,3,U23EC382,722825243151
232,AI&DS,3,U23CS491,722825243151
233,AI&DS,3,U23AD491,722825243151
234,AI&DS,3,U23MA204,722825243200
235,AI&DS,3,U23CS403,722825243200
236,AI&DS,3,U23CS404,722825243200
237,AI&DS,3,U23EC382,722825243200
238,AI&DS,3,U23CS491,722825243200
239,AI&DS,3,U23AD491,722825243200
240,AI&DS,3,U23MA204,722825243212
241,AI&DS,3,U23CS403,722825243212
242,AI&DS,3,U23CS404,722825243212
243,AI&DS,3,U23EC382,722825243212
244,AI&DS,3,U23CS491,722825243212
245,AI&DS,3,U23AD491,722825243212
246,AI&DS,3,U23MA204,722825243219
247,AI&DS,3,U23CS403,722825243219
248,AI&DS,3,U23CS404,722825243219
249,AI&DS,3,U23EC382,722825243219
250,AI&DS,3,U23CS491,722825243219
251,AI&DS,3,U23AD491,722825243219
252,AI&DS,3,U23MA204,722825243248
253,AI&DS,3,U23CS403,722825243248
254,AI&DS,3,U23CS404,722825243248
255,AI&DS,3,U23EC382,722825243248
256,AI&DS,3,U23CS491,722825243248
257,AI&DS,3,U23AD491,722825243248
258,AI&DS,3,U23MA204,722825243252
259,AI&DS,3,U23CS403,722825243252
260,AI&DS,3,U23CS404,722825243252
261,AI&DS,3,U23EC382,722825243252
262,AI&DS,3,U23CS491,722825243252
263,AI&DS,3,U23AD491,722825243252
264,AI&DS,3,U23MA204,722825243028
265,AI&DS,3,U23CS403,722825243028
266,AI&DS,3,U23CS404,722825243028
267,AI&DS,3,U23EC382,722825243028
268,AI&DS,3,U23CS491,722825243028
269,AI&DS,3,U23AD491,722825243028
270,AI&DS,3,U23MA204,722825243101
271,AI&DS,3,U23CS403,722825243101
272,AI&DS,3,U23CS404,722825243101
273,AI&DS,3,U23EC382,722825243101
274,AI&DS,3,U23CS491,722825243101
275,AI&DS,3,U23AD491,722825243101
276,AI&DS,3,U23MA204,722825243017
277,AI&DS,3,U23CS403,722825243017
278,AI&DS,3,U23CS404,722825243017
279,AI&DS,3,U23EC382,722825243017
280,AI&DS,3,U23CS491,722825243017
281,AI&DS,3,U23AD491,722825243017
282,AI&DS,3,U23MA204,722825243027
283,AI&DS,3,U23CS403,722825243027
284,AI&DS,3,U23CS404,722825243027
285,AI&DS,3,U23EC382,722825243027
286,AI&DS,3,U23CS491,722825243027
287,AI&DS,3,U23AD491,722825243027
288,AI&DS,3,U23MA204,722825243044
289,AI&DS,3,U23CS403,722825243044
290,AI&DS,3,U23CS404,722825243044
291,AI&DS,3,U23EC382,722825243044
292,AI&DS,3,U23CS491,722825243044
293,AI&DS,3,U23AD491,722825243044
294,AI&DS,3,U23MA204,722825243060
295,AI&DS,3,U23CS403,722825243060
296,AI&DS,3,U23CS404,722825243060
297,AI&DS,3,U23EC382,722825243060
298,AI&DS,3,U23CS491,722825243060
299,AI&DS,3,U23AD491,722825243060
300,AI&DS,3,U23MA204,722825243186
301,AI&DS,3,U23CS403,722825243186
302,AI&DS,3,U23CS404,722825243186
303,AI&DS,3,U23EC382,722825243186
304,AI&DS,3,U23CS491,722825243186
305,AI&DS,3,U23AD491,722825243186
306,AI&DS,3,U23MA204,722825243105
307,AI&DS,3,U23CS403,722825243105
308,AI&DS,3,U23CS404,722825243105
309,AI&DS,3,U23EC382,722825243105
310,AI&DS,3,U23CS491,722825243105
311,AI&DS,3,U23AD491,722825243105
312,AI&DS,3,U23MA204,722825243177
313,AI&DS,3,U23CS403,722825243177
314,AI&DS,3,U23CS404,722825243177
315,AI&DS,3,U23EC382,722825243177
316,AI&DS,3,U23CS491,722825243177
317,AI&DS,3,U23AD491,722825243177
318,AI&DS,3,U23MA204,722825243209
319,AI&DS,3,U23CS403,722825243209
320,AI&DS,3,U23CS404,722825243209
321,AI&DS,3,U23EC382,722825243209
322,AI&DS,3,U23CS491,722825243209
323,AI&DS,3,U23AD491,722825243209
324,AI&DS,3,U23MA204,722825243211
325,AI&DS,3,U23CS403,722825243211
326,AI&DS,3,U23CS404,722825243211
327,AI&DS,3,U23EC382,722825243211
328,AI&DS,3,U23CS491,722825243211
329,AI&DS,3,U23AD491,722825243211
330,AI&DS,3,U23MA204,722825243216
331,AI&DS,3,U23CS403,722825243216
332,AI&DS,3,U23CS404,722825243216
333,AI&DS,3,U23EC382,722825243216
334,AI&DS,3,U23CS491,722825243216
335,AI&DS,3,U23AD491,722825243216
336,AI&DS,5,U23AD401,722824243132
337,AI&DS,5,U23AD484,722824243132
338,AI&DS,5,U23IT484,722824243132
339,AI&DS,5,U23AM491,722824243132
340,AI&DS,5,U23CB593,722824243132
341,AI&DS,5,U23EC384,722824243132
342,AI&DS,5,U23AD401,722824243021
343,AI&DS,5,U23AD484,722824243021
344,AI&DS,5,U23IT484,722824243021
345,AI&DS,5,U23AM491,722824243021
346,AI&DS,5,U23CB593,722824243021
347,AI&DS,5,U23EC384,722824243021
348,AI&DS,5,U23AD401,722824243046
349,AI&DS,5,U23AD484,722824243046
350,AI&DS,5,U23IT484,722824243046
351,AI&DS,5,U23AM491,722824243046
352,AI&DS,5,U23CB593,722824243046
353,AI&DS,5,U23EC384,722824243046
354,AI&DS,5,U23AD401,722824243077
355,AI&DS,5,U23AD484,722824243077
356,AI&DS,5,U23IT484,722824243077
357,AI&DS,5,U23AM491,722824243077
358,AI&DS,5,U23CB593,722824243077
359,AI&DS,5,U23EC384,722824243077
360,AI&DS,5,U23AD401,722824243101
361,AI&DS,5,U23AD484,722824243101
362,AI&DS,5,U23IT484,722824243101
363,AI&DS,5,U23AM491,722824243101
364,AI&DS,5,U23CB593,722824243101
365,AI&DS,5,U23EC384,722824243101
366,AI&DS,5,U23AD401,722824243126
367,AI&DS,5,U23AD484,722824243126
368,AI&DS,5,U23IT484,722824243126
369,AI&DS,5,U23AM491,722824243126
370,AI&DS,5,U23CB593,722824243126
371,AI&DS,5,U23EC384,722824243126
372,AI&DS,5,U23AD401,722824243135
373,AI&DS,5,U23AD484,722824243135
374,AI&DS,5,U23IT484,722824243135
375,AI&DS,5,U23AM491,722824243135
376,AI&DS,5,U23CB593,722824243135
377,AI&DS,5,U23EC384,722824243135
378,AI&DS,5,U23AD401,722824243176
379,AI&DS,5,U23AD484,722824243176
380,AI&DS,5,U23IT484,722824243176
381,AI&DS,5,U23AM491,722824243176
382,AI&DS,5,U23CB593,722824243176
383,AI&DS,5,U23EC384,722824243176
384,AI&DS,5,U23AD401,722824243190
385,AI&DS,5,U23AD484,722824243190
386,AI&DS,5,U23IT484,722824243190
387,AI&DS,5,U23AM491,722824243190
388,AI&DS,5,U23CB593,722824243190
389,AI&DS,5,U23EC384,722824243190
390,AI&DS,5,U23AD401,722824243200
391,AI&DS,5,U23AD484,722824243200
392,AI&DS,5,U23IT484,722824243200
393,AI&DS,5,U23AM491,722824243200
394,AI&DS,5,U23CB593,722824243200
395,AI&DS,5,U23EC384,722824243200
396,AI&DS,5,U23AD401,722824243211
397,AI&DS,5,U23AD484,722824243211
398,AI&DS,5,U23IT484,722824243211
399,AI&DS,5,U23AM491,722824243211
400,AI&DS,5,U23CB593,722824243211
401,AI&DS,5,U23EC384,722824243211
402,AI&DS,5,U23AD401,722824243221
403,AI&DS,5,U23AD484,722824243221
404,AI&DS,5,U23IT484,722824243221
405,AI&DS,5,U23AM491,722824243221
406,AI&DS,5,U23CB593,722824243221
407,AI&DS,5,U23EC384,722824243221
408,AI&DS,5,U23AD401,722824243227
409,AI&DS,5,U23AD484,722824243227
410,AI&DS,5,U23IT484,722824243227
411,AI&DS,5,U23AM491,722824243227
412,AI&DS,5,U23CB593,722824243227
413,AI&DS,5,U23EC384,722824243227
414,AI&DS,5,U23AD401,722824243230
415,AI&DS,5,U23AD484,722824243230
416,AI&DS,5,U23IT484,722824243230
417,AI&DS,5,U23AM491,722824243230
418,AI&DS,5,U23CB593,722824243230
419,AI&DS,5,U23EC384,722824243230
420,AI&DS,5,U23AD401,722824243137
421,AI&DS,5,U23AD484,722824243137
422,AI&DS,5,U23IT484,722824243137
423,AI&DS,5,U23AM491,722824243137
424,AI&DS,5,U23CB593,722824243137
425,AI&DS,5,U23EC384,722824243137
426,AI&DS,5,U23AD401,722824243254
427,AI&DS,5,U23AD484,722824243254
428,AI&DS,5,U23IT484,722824243254
429,AI&DS,5,U23AM491,722824243254
430,AI&DS,5,U23CB593,722824243254
431,AI&DS,5,U23EC384,722824243254
432,AI&DS,5,U23AD401,722824243306
433,AI&DS,5,U23AD484,722824243306
434,AI&DS,5,U23IT484,722824243306
435,AI&DS,5,U23AM491,722824243306
436,AI&DS,5,U23CB593,722824243306
437,AI&DS,5,U23EC384,722824243306
438,AI&DS,5,U23AD401,722824243093
439,AI&DS,5,U23AD484,722824243093
440,AI&DS,5,U23IT484,722824243093
441,AI&DS,5,U23AM491,722824243093
442,AI&DS,5,U23CB593,722824243093
443,AI&DS,5,U23EC384,722824243093
444,AI&DS,7,U23CB103,722823243049
445,AI&DS,7,U23CB104,722823243049
446,AI&DS,7,U23AM586,722823243049
447,AI&DS,7,U23OME06,722823243049
448,AI&DS,7,U23AD511,722823243049
449,AI&DS,7,U23CB103,722823243080
450,AI&DS,7,U23CB104,722823243080
451,AI&DS,7,U23AM586,722823243080
452,AI&DS,7,U23OME06,722823243080
453,AI&DS,7,U23AD511,722823243080
454,AIML,3,U23CS403,722825148092
455,AIML,3,U23CS404,722825148092
456,AIML,3,U23MA204,722825148092
457,AIML,3,U23CS491,722825148092
458,AIML,3,U23AD483,722825148092
459,AIML,7,U23CB103,722823148013
460,AIML,7,U23CB104,722823148013
461,AIML,7,U23CS522,722823148013
462,AIML,7,U23IT483,722823148013
463,AIML,7,U23OME07,722823148013
464,AIML,7,U23AD511,722823148013
465,AIML,7,U23CB103,722823148029
466,AIML,7,U23CB104,722823148029
467,AIML,7,U23CS522,722823148029
468,AIML,7,U23IT483,722823148029
469,AIML,7,U23OME07,722823148029
470,AIML,7,U23AD511,722823148029
471,AIML,7,U23CB103,722823148049
472,AIML,7,U23CB104,722823148049
473,AIML,7,U23CS522,722823148049
474,AIML,7,U23IT483,722823148049
475,AIML,7,U23OME07,722823148049
476,AIML,7,U23AD511,722823148049
477,AIML,5,U23AD511,722824148122
478,AIML,5,U23AM492,722824148122
479,AIML,5,U23AD484,722824148122
480,AIML,5,U23IT484,722824148122
481,AIML,5,U23EC382,722824148122
482,AIML,5,U23CB593,722824148122
483,AIML,5,U23EC384,722824148122
484,AIML,5,U23CS522,722824148122
485,AIML,5,U23AD511,722824148108
486,AIML,5,U23AM492,722824148108
487,AIML,5,U23AD484,722824148108
488,AIML,5,U23IT484,722824148108
489,AIML,5,U23EC382,722824148108
490,AIML,5,U23CB593,722824148108
491,AIML,5,U23EC384,722824148108
492,AIML,5,U23CS522,722824148108
493,AIML,5,U23AD511,722824148081
494,AIML,5,U23AM492,722824148081
495,AIML,5,U23AD484,722824148081
496,AIML,5,U23IT484,722824148081
497,AIML,5,U23EC382,722824148081
498,AIML,5,U23CB593,722824148081
499,AIML,5,U23EC384,722824148081
500,AIML,5,U23CS522,722824148081
501,AIML,3,U23CS403,722825148088
502,AIML,3,U23CS404,722825148088
503,AIML,3,U23MA204,722825148088
504,AIML,3,U23CS491,722825148088
505,AIML,3,U23AD483,722825148088
506,AIML,5,U23AD511,722824148118
507,AIML,5,U23AM492,722824148118
508,AIML,5,U23AD484,722824148118
509,AIML,5,U23IT484,722824148118
510,AIML,5,U23EC382,722824148118
511,AIML,5,U23CB593,722824148118
512,AIML,5,U23EC384,722824148118
513,AIML,5,U23CS522,722824148118
514,AIML,3,U23CS403,722825148059
515,AIML,3,U23CS404,722825148059
516,AIML,3,U23MA204,722825148059
517,AIML,3,U23CS491,722825148059
518,AIML,3,U23AD483,722825148059
519,AIML,3,U23CS403,722825148096
520,AIML,3,U23CS404,722825148096
521,AIML,3,U23MA204,722825148096
522,AIML,3,U23CS491,722825148096
523,AIML,3,U23AD483,722825148096
524,AIML,3,U23CS403,722825148124
525,AIML,3,U23CS404,722825148124
526,AIML,3,U23MA204,722825148124
527,AIML,3,U23CS491,722825148124
528,AIML,3,U23AD483,722825148124
529,AIML,3,U23CS403,722825148115
530,AIML,3,U23CS404,722825148115
531,AIML,3,U23MA204,722825148115
532,AIML,3,U23CS491,722825148115
533,AIML,3,U23AD483,722825148115
534,AIML,3,U23CS403,722825148079
535,AIML,3,U23CS404,722825148079
536,AIML,3,U23MA204,722825148079
537,AIML,3,U23CS491,722825148079
538,AIML,3,U23AD483,722825148079
539,AIML,3,U23CS403,722825148044
540,AIML,3,U23CS404,722825148044
541,AIML,3,U23MA204,722825148044
542,AIML,3,U23CS491,722825148044
543,AIML,3,U23AD483,722825148044
544,AIML,3,U23CS403,722825148004
545,AIML,3,U23CS404,722825148004
546,AIML,3,U23MA204,722825148004
547,AIML,3,U23CS491,722825148004
548,AIML,3,U23AD483,722825148004
549,AIML,3,U23CS403,722825148011
550,AIML,3,U23CS404,722825148011
551,AIML,3,U23MA204,722825148011
552,AIML,3,U23CS491,722825148011
553,AIML,3,U23AD483,722825148011
554,AIML,3,U23CS403,722825148037
555,AIML,3,U23CS404,722825148037
556,AIML,3,U23MA204,722825148037
557,AIML,3,U23CS491,722825148037
558,AIML,3,U23AD483,722825148037
559,AIML,3,U23CS403,722825148051
560,AIML,3,U23CS404,722825148051
561,AIML,3,U23MA204,722825148051
562,AIML,3,U23CS491,722825148051
563,AIML,3,U23AD483,722825148051
564,AIML,3,U23CS403,722825148057
565,AIML,3,U23CS404,722825148057
566,AIML,3,U23MA204,722825148057
567,AIML,3,U23CS491,722825148057
568,AIML,3,U23AD483,722825148057
569,AIML,3,U23CS403,722825148065
570,AIML,3,U23CS404,722825148065
571,AIML,3,U23MA204,722825148065
572,AIML,3,U23CS491,722825148065
573,AIML,3,U23AD483,722825148065
574,AIML,3,U23CS403,722825148068
575,AIML,3,U23CS404,722825148068
576,AIML,3,U23MA204,722825148068
577,AIML,3,U23CS491,722825148068
578,AIML,3,U23AD483,722825148068
579,AIML,3,U23CS403,722825148109
580,AIML,3,U23CS404,722825148109
581,AIML,3,U23MA204,722825148109
582,AIML,3,U23CS491,722825148109
583,AIML,3,U23AD483,722825148109
584,AIML,5,U23AD511,722824148013
585,AIML,5,U23AM492,722824148013
586,AIML,5,U23AD484,722824148013
587,AIML,5,U23IT484,722824148013
588,AIML,5,U23EC382,722824148013
589,AIML,5,U23CB593,722824148013
590,AIML,5,U23EC384,722824148013
591,AIML,5,U23CS522,722824148013
592,AIML,5,U23AD511,722824148035
593,AIML,5,U23AM492,722824148035
594,AIML,5,U23AD484,722824148035
595,AIML,5,U23IT484,722824148035
596,AIML,5,U23EC382,722824148035
597,AIML,5,U23CB593,722824148035
598,AIML,5,U23EC384,722824148035
599,AIML,5,U23CS522,722824148035
600,AIML,5,U23AD511,722824148058
601,AIML,5,U23AM492,722824148058
602,AIML,5,U23AD484,722824148058
603,AIML,5,U23IT484,722824148058
604,AIML,5,U23EC382,722824148058
605,AIML,5,U23CB593,722824148058
606,AIML,5,U23EC384,722824148058
607,AIML,5,U23CS522,722824148058
608,AIML,5,U23AD511,722824148079
609,AIML,5,U23AM492,722824148079
610,AIML,5,U23AD484,722824148079
611,AIML,5,U23IT484,722824148079
612,AIML,5,U23EC382,722824148079
613,AIML,5,U23CB593,722824148079
614,AIML,5,U23EC384,722824148079
615,AIML,5,U23CS522,722824148079
616,AIML,5,U23AD511,722824148301
617,AIML,5,U23AM492,722824148301
618,AIML,5,U23AD484,722824148301
619,AIML,5,U23IT484,722824148301
620,AIML,5,U23EC382,722824148301
621,AIML,5,U23CB593,722824148301
622,AIML,5,U23EC384,722824148301
623,AIML,5,U23CS522,722824148301
624,AIML,5,U23AD511,722824148302
625,AIML,5,U23AM492,722824148302
626,AIML,5,U23AD484,722824148302
627,AIML,5,U23IT484,722824148302
628,AIML,5,U23EC382,722824148302
629,AIML,5,U23CB593,722824148302
630,AIML,5,U23EC384,722824148302
631,AIML,5,U23CS522,722824148302
632,AIML,5,U23AD511,722824148303
633,AIML,5,U23AM492,722824148303
634,AIML,5,U23AD484,722824148303
635,AIML,5,U23IT484,722824148303
636,AIML,5,U23EC382,722824148303
637,AIML,5,U23CB593,722824148303
638,AIML,5,U23EC384,722824148303
639,AIML,5,U23CS522,722824148303
640,AIML,5,U23AD511,722824148075
641,AIML,5,U23AM492,722824148075
642,AIML,5,U23AD484,722824148075
643,AIML,5,U23IT484,722824148075
644,AIML,5,U23EC382,722824148075
645,AIML,5,U23CB593,722824148075
646,AIML,5,U23EC384,722824148075
647,AIML,5,U23CS522,722824148075
648,AIML,5,U23AD511,722824148116
649,AIML,5,U23AM492,722824148116
650,AIML,5,U23AD484,722824148116
651,AIML,5,U23IT484,722824148116
652,AIML,5,U23EC382,722824148116
653,AIML,5,U23CB593,722824148116
654,AIML,5,U23EC384,722824148116
655,AIML,5,U23CS522,722824148116
656,AIML,5,U23AD511,722824148066
657,AIML,5,U23AM492,722824148066
658,AIML,5,U23AD484,722824148066
659,AIML,5,U23IT484,722824148066
660,AIML,5,U23EC382,722824148066
661,AIML,5,U23CB593,722824148066
662,AIML,5,U23EC384,722824148066
663,AIML,5,U23CS522,722824148066
664,AIML,5,U23AD511,722824148103
665,AIML,5,U23AM492,722824148103
666,AIML,5,U23AD484,722824148103
667,AIML,5,U23IT484,722824148103
668,AIML,5,U23EC382,722824148103
669,AIML,5,U23CB593,722824148103
670,AIML,5,U23EC384,722824148103
671,AIML,5,U23CS522,722824148103
672,AIML,5,U23AD511,722824148065
673,AIML,5,U23AM492,722824148065
674,AIML,5,U23AD484,722824148065
675,AIML,5,U23IT484,722824148065
676,AIML,5,U23EC382,722824148065
677,AIML,5,U23CB593,722824148065
678,AIML,5,U23EC384,722824148065
679,AIML,5,U23CS522,722824148065
680,AIML,7,U23CB103,722823148010
681,AIML,7,U23CB104,722823148010
682,AIML,7,U23CS522,722823148010
683,AIML,7,U23IT483,722823148010
684,AIML,7,U23OME07,722823148010
685,AIML,7,U23AD511,722823148010
686,AIML,7,U23CB103,722823148048
687,AIML,7,U23CB104,722823148048
688,AIML,7,U23CS522,722823148048
689,AIML,7,U23IT483,722823148048
690,AIML,7,U23OME07,722823148048
691,AIML,7,U23AD511,722823148048
692,AIML,7,U23CB103,722823148051
693,AIML,7,U23CB104,722823148051
694,AIML,7,U23CS522,722823148051
695,AIML,7,U23IT483,722823148051
696,AIML,7,U23OME07,722823148051
697,AIML,7,U23AD511,722823148051
698,AIML,7,U23CB103,722823148056
699,AIML,7,U23CB104,722823148056
700,AIML,7,U23CS522,722823148056
701,AIML,7,U23IT483,722823148056
702,AIML,7,U23OME07,722823148056
703,AIML,7,U23AD511,722823148056
704,CCE,3,U23MA207,722825134052
705,CCE,3,U23CS403,722825134052
706,CCE,3,U23CS404,722825134052
707,CCE,3,U23EC382,722825134052
708,CCE,3,U23CS491,722825134052
709,CCE,7,U23CB103,722823134014
710,CCE,7,U23CB104,722823134014
711,CCE,7,U23CC583,722823134014
712,CCE,7,U23OME06,722823134014
713,CCE,5,U23CC401,722824134062
714,CCE,5,U23CC483,722824134062
715,CCE,5,U23IT402,722824134062
716,CCE,5,U23AM498,722824134062
717,CCE,5,U23CB593,722824134062
718,CCE,5,U23AD491,722824134062
719,CCE,5,U23CC401,722824134501
720,CCE,5,U23CC483,722824134501
721,CCE,5,U23IT402,722824134501
722,CCE,5,U23AM498,722824134501
723,CCE,5,U23CB593,722824134501
724,CCE,5,U23AD491,722824134501
725,CCE,5,U23CC401,722824134301
726,CCE,5,U23CC483,722824134301
727,CCE,5,U23IT402,722824134301
728,CCE,5,U23AM498,722824134301
729,CCE,5,U23CB593,722824134301
730,CCE,5,U23AD491,722824134301
731,CCE,7,U23CB103,722823134054
732,CCE,7,U23CB104,722823134054
733,CCE,7,U23CC583,722823134054
734,CCE,7,U23OME06,722823134054
735,CCE,7,U23CB103,722823134052
736,CCE,7,U23CB104,722823134052
737,CCE,7,U23CC583,722823134052
738,CCE,7,U23OME06,722823134052
739,CCE,3,U23MA207,722825134022
740,CCE,3,U23CS403,722825134022
741,CCE,3,U23CS404,722825134022
742,CCE,3,U23EC382,722825134022
743,CCE,3,U23CS491,722825134022
744,CCE,3,U23MA207,722825134015
745,CCE,3,U23CS403,722825134015
746,CCE,3,U23CS404,722825134015
747,CCE,3,U23EC382,722825134015
748,CCE,3,U23CS491,722825134015
749,CCE,5,U23CC401,722824134034
750,CCE,5,U23CC483,722824134034
751,CCE,5,U23IT402,722824134034
752,CCE,5,U23AM498,722824134034
753,CCE,5,U23CB593,722824134034
754,CCE,5,U23AD491,722824134034
755,CSBS,7,U23CB582,722823244008
756,CSBS,7,U23CB403,722823244008
757,CSBS,7,U23CB491,722823244008
758,CSBS,7,U23CB514,722823244008
759,CSBS,7,U23OME07,722823244008
760,CSBS,7,U23CB582,722823244018
761,CSBS,7,U23CB403,722823244018
762,CSBS,7,U23CB491,722823244018
763,CSBS,7,U23CB514,722823244018
764,CSBS,7,U23OME07,722823244018
765,CSBS,3,U23MA204,722825244016
766,CSBS,3,U23CS403,722825244016
767,CSBS,3,U23CS404,722825244016
768,CSBS,3,U23EC382,722825244016
769,CSBS,3,U23CS491,722825244016
770,CSBS,3,U23MA281,722825244016
771,CSBS,3,U23MA204,722825244054
772,CSBS,3,U23CS403,722825244054
773,CSBS,3,U23CS404,722825244054
774,CSBS,3,U23EC382,722825244054
775,CSBS,3,U23CS491,722825244054
776,CSBS,3,U23MA281,722825244054
777,CSBS,3,U23MA204,722825244063
778,CSBS,3,U23CS403,722825244063
779,CSBS,3,U23CS404,722825244063
780,CSBS,3,U23EC382,722825244063
781,CSBS,3,U23CS491,722825244063
782,CSBS,3,U23MA281,722825244063
783,CSBS,7,U23CB582,722823244033
784,CSBS,7,U23CB403,722823244033
785,CSBS,7,U23CB491,722823244033
786,CSBS,7,U23CB514,722823244033
787,CSBS,7,U23OME07,722823244033
788,CSBS,5,U23CB582,722824244036
789,CSBS,5,U23CS405,722824244036
790,CSBS,5,U23OEC84,722824244036
791,CSBS,5,U23IT402,722824244036
792,CSBS,5,U23AM495,722824244036
793,CSBS,5,U23CB593,722824244036
794,CSBS,5,U23IT481,722824244036
795,CSBS,5,U23CB514,722824244036
796,CSBS,5,U23CB582,722824244040
797,CSBS,5,U23CS405,722824244040
798,CSBS,5,U23OEC84,722824244040
799,CSBS,5,U23IT402,722824244040
800,CSBS,5,U23AM495,722824244040
801,CSBS,5,U23CB593,722824244040
802,CSBS,5,U23IT481,722824244040
803,CSBS,5,U23CB514,722824244040
804,CSBS,5,U23CB582,722824244046
805,CSBS,5,U23CS405,722824244046
806,CSBS,5,U23OEC84,722824244046
807,CSBS,5,U23IT402,722824244046
808,CSBS,5,U23AM495,722824244046
809,CSBS,5,U23CB593,722824244046
810,CSBS,5,U23IT481,722824244046
811,CSBS,5,U23CB514,722824244046
812,CSBS,3,U23MA204,722825244015
813,CSBS,3,U23CS403,722825244015
814,CSBS,3,U23CS404,722825244015
815,CSBS,3,U23EC382,722825244015
816,CSBS,3,U23CS491,722825244015
817,CSBS,3,U23MA281,722825244015
818,CSBS,3,U23MA204,722825244032
819,CSBS,3,U23CS403,722825244032
820,CSBS,3,U23CS404,722825244032
821,CSBS,3,U23EC382,722825244032
822,CSBS,3,U23CS491,722825244032
823,CSBS,3,U23MA281,722825244032
824,CSBS,3,U23MA204,722825244004
825,CSBS,3,U23CS403,722825244004
826,CSBS,3,U23CS404,722825244004
827,CSBS,3,U23EC382,722825244004
828,CSBS,3,U23CS491,722825244004
829,CSBS,3,U23MA281,722825244004
830,CSBS,3,U23MA204,722825244046
831,CSBS,3,U23CS403,722825244046
832,CSBS,3,U23CS404,722825244046
833,CSBS,3,U23EC382,722825244046
834,CSBS,3,U23CS491,722825244046
835,CSBS,3,U23MA281,722825244046
836,CSBS,3,U23MA204,722825244013
837,CSBS,3,U23CS403,722825244013
838,CSBS,3,U23CS404,722825244013
839,CSBS,3,U23EC382,722825244013
840,CSBS,3,U23CS491,722825244013
841,CSBS,3,U23MA281,722825244013
842,CSBS,5,U23CB582,722824244029
843,CSBS,5,U23CS405,722824244029
844,CSBS,5,U23OEC84,722824244029
845,CSBS,5,U23IT402,722824244029
846,CSBS,5,U23AM495,722824244029
847,CSBS,5,U23CB593,722824244029
848,CSBS,5,U23IT481,722824244029
849,CSBS,5,U23CB514,722824244029
850,CSBS,5,U23CB582,722824244010
851,CSBS,5,U23CS405,722824244010
852,CSBS,5,U23OEC84,722824244010
853,CSBS,5,U23IT402,722824244010
854,CSBS,5,U23AM495,722824244010
855,CSBS,5,U23CB593,722824244010
856,CSBS,5,U23IT481,722824244010
857,CSBS,5,U23CB514,722824244010
858,CSBS,5,U23CB582,722824244301
859,CSBS,5,U23CS405,722824244301
860,CSBS,5,U23OEC84,722824244301
861,CSBS,5,U23IT402,722824244301
862,CSBS,5,U23AM495,722824244301
863,CSBS,5,U23CB593,722824244301
864,CSBS,5,U23IT481,722824244301
865,CSBS,5,U23CB514,722824244301
866,CSE,7,U23CB103,722823104131
867,CSE,7,U23CB104,722823104131
868,CSE,7,U23IT483,722823104131
869,CSE,7,U23CS531,722823104131
870,CSE,7,U23OEC84,722823104131
871,CSE,3,U23MA204,722825104035
872,CSE,3,U23CS403,722825104035
873,CSE,3,U23CS404,722825104035
874,CSE,3,U23AM495,722825104035
875,CSE,3,U23CS491,722825104035
876,CSE,3,U23IT481,722825104035
877,CSE,3,U23MA204,722825104062
878,CSE,3,U23CS403,722825104062
879,CSE,3,U23CS404,722825104062
880,CSE,3,U23AM495,722825104062
881,CSE,3,U23CS491,722825104062
882,CSE,3,U23IT481,722825104062
883,CSE,3,U23MA204,722825104133
884,CSE,3,U23CS403,722825104133
885,CSE,3,U23CS404,722825104133
886,CSE,3,U23AM495,722825104133
887,CSE,3,U23CS491,722825104133
888,CSE,3,U23IT481,722825104133
889,CSE,3,U23MA204,722825104063
890,CSE,3,U23CS403,722825104063
891,CSE,3,U23CS404,722825104063
892,CSE,3,U23AM495,722825104063
893,CSE,3,U23CS491,722825104063
894,CSE,3,U23IT481,722825104063
895,CSE,3,U23MA204,722825104155
896,CSE,3,U23CS403,722825104155
897,CSE,3,U23CS404,722825104155
898,CSE,3,U23AM495,722825104155
899,CSE,3,U23CS491,722825104155
900,CSE,3,U23IT481,722825104155
901,CSE,3,U23MA204,722825104184
902,CSE,3,U23CS403,722825104184
903,CSE,3,U23CS404,722825104184
904,CSE,3,U23AM495,722825104184
905,CSE,3,U23CS491,722825104184
906,CSE,3,U23IT481,722825104184
907,CSE,3,U23MA204,722825104240
908,CSE,3,U23CS403,722825104240
909,CSE,3,U23CS404,722825104240
910,CSE,3,U23AM495,722825104240
911,CSE,3,U23CS491,722825104240
912,CSE,3,U23IT481,722825104240
913,CSE,3,U23MA204,722825104215
914,CSE,3,U23CS403,722825104215
915,CSE,3,U23CS404,722825104215
916,CSE,3,U23AM495,722825104215
917,CSE,3,U23CS491,722825104215
918,CSE,3,U23IT481,722825104215
919,CSE,3,U23MA204,722825104231
920,CSE,3,U23CS403,722825104231
921,CSE,3,U23CS404,722825104231
922,CSE,3,U23AM495,722825104231
923,CSE,3,U23CS491,722825104231
924,CSE,3,U23IT481,722825104231
925,CSE,7,U23CB103,722823104156
926,CSE,7,U23CB104,722823104156
927,CSE,7,U23IT483,722823104156
928,CSE,7,U23CS531,722823104156
929,CSE,7,U23OEC84,722823104156
930,CSE,5,U23CS405,722824104126
931,CSE,5,U23EC383,722824104126
932,CSE,5,U23CS584,722824104126
933,CSE,5,U23CS591,722824104126
934,CSE,5,U23CC583,722824104126
935,CSE,5,U23IT593,722824104126
936,CSE,5,U23EC382,722824104126
937,CSE,5,U23CB593,722824104126
938,CSE,5,U23AD491,722824104126
939,CSE,7,U23CB103,722823104096
940,CSE,7,U23CB104,722823104096
941,CSE,7,U23IT483,722823104096
942,CSE,7,U23CS531,722823104096
943,CSE,7,U23OEC84,722823104096
944,CSE,7,U23CB103,722823104173
945,CSE,7,U23CB104,722823104173
946,CSE,7,U23IT483,722823104173
947,CSE,7,U23CS531,722823104173
948,CSE,7,U23OEC84,722823104173
949,CSE,5,U23CS405,722824104309
950,CSE,5,U23EC383,722824104309
951,CSE,5,U23CS584,722824104309
952,CSE,5,U23CS591,722824104309
953,CSE,5,U23CC583,722824104309
954,CSE,5,U23IT593,722824104309
955,CSE,5,U23EC382,722824104309
956,CSE,5,U23CB593,722824104309
957,CSE,5,U23AD491,722824104309
958,CSE,7,U23CB103,722823104099
959,CSE,7,U23CB104,722823104099
960,CSE,7,U23IT483,722823104099
961,CSE,7,U23CS531,722823104099
962,CSE,7,U23OEC84,722823104099
963,CSE,5,U23CS405,722824104019
964,CSE,5,U23EC383,722824104019
965,CSE,5,U23CS584,722824104019
966,CSE,5,U23CS591,722824104019
967,CSE,5,U23CC583,722824104019
968,CSE,5,U23IT593,722824104019
969,CSE,5,U23EC382,722824104019
970,CSE,5,U23CB593,722824104019
971,CSE,5,U23AD491,722824104019
972,CSE,5,U23CS405,722824104029
973,CSE,5,U23EC383,722824104029
974,CSE,5,U23CS584,722824104029
975,CSE,5,U23CS591,722824104029
976,CSE,5,U23CC583,722824104029
977,CSE,5,U23IT593,722824104029
978,CSE,5,U23EC382,722824104029
979,CSE,5,U23CB593,722824104029
980,CSE,5,U23AD491,722824104029
981,CSE,5,U23CS405,722824104186
982,CSE,5,U23EC383,722824104186
983,CSE,5,U23CS584,722824104186
984,CSE,5,U23CS591,722824104186
985,CSE,5,U23CC583,722824104186
986,CSE,5,U23IT593,722824104186
987,CSE,5,U23EC382,722824104186
988,CSE,5,U23CB593,722824104186
989,CSE,5,U23AD491,722824104186
990,CSE,5,U23CS405,722824104222
991,CSE,5,U23EC383,722824104222
992,CSE,5,U23CS584,722824104222
993,CSE,5,U23CS591,722824104222
994,CSE,5,U23CC583,722824104222
995,CSE,5,U23IT593,722824104222
996,CSE,5,U23EC382,722824104222
997,CSE,5,U23CB593,722824104222
998,CSE,5,U23AD491,722824104222
999,CSE,3,U23MA204,722825104101
1000,CSE,3,U23CS403,722825104101
1001,CSE,3,U23CS404,722825104101
1002,CSE,3,U23AM495,722825104101
1003,CSE,3,U23CS491,722825104101
1004,CSE,3,U23IT481,722825104101
1005,CSE,3,U23MA204,722825104105
1006,CSE,3,U23CS403,722825104105
1007,CSE,3,U23CS404,722825104105
1008,CSE,3,U23AM495,722825104105
1009,CSE,3,U23CS491,722825104105
1010,CSE,3,U23IT481,722825104105
1011,CSE,3,U23MA204,722825104169
1012,CSE,3,U23CS403,722825104169
1013,CSE,3,U23CS404,722825104169
1014,CSE,3,U23AM495,722825104169
1015,CSE,3,U23CS491,722825104169
1016,CSE,3,U23IT481,722825104169
1017,CSE,3,U23MA204,722825104235
1018,CSE,3,U23CS403,722825104235
1019,CSE,3,U23CS404,722825104235
1020,CSE,3,U23AM495,722825104235
1021,CSE,3,U23CS491,722825104235
1022,CSE,3,U23IT481,722825104235
1023,CSE,3,U23MA204,722825104220
1024,CSE,3,U23CS403,722825104220
1025,CSE,3,U23CS404,722825104220
1026,CSE,3,U23AM495,722825104220
1027,CSE,3,U23CS491,722825104220
1028,CSE,3,U23IT481,722825104220
1029,CSE,3,U23MA204,722825104080
1030,CSE,3,U23CS403,722825104080
1031,CSE,3,U23CS404,722825104080
1032,CSE,3,U23AM495,722825104080
1033,CSE,3,U23CS491,722825104080
1034,CSE,3,U23IT481,722825104080
1035,CSE,3,U23MA204,722825104149
1036,CSE,3,U23CS403,722825104149
1037,CSE,3,U23CS404,722825104149
1038,CSE,3,U23AM495,722825104149
1039,CSE,3,U23CS491,722825104149
1040,CSE,3,U23IT481,722825104149
1041,CSE,3,U23MA204,722825104158
1042,CSE,3,U23CS403,722825104158
1043,CSE,3,U23CS404,722825104158
1044,CSE,3,U23AM495,722825104158
1045,CSE,3,U23CS491,722825104158
1046,CSE,3,U23IT481,722825104158
1047,CSE,3,U23MA204,722825104092
1048,CSE,3,U23CS403,722825104092
1049,CSE,3,U23CS404,722825104092
1050,CSE,3,U23AM495,722825104092
1051,CSE,3,U23CS491,722825104092
1052,CSE,3,U23IT481,722825104092
1053,CSE,3,U23MA204,722825104117
1054,CSE,3,U23CS403,722825104117
1055,CSE,3,U23CS404,722825104117
1056,CSE,3,U23AM495,722825104117
1057,CSE,3,U23CS491,722825104117
1058,CSE,3,U23IT481,722825104117
1059,CSE,3,U23MA204,722825104132
1060,CSE,3,U23CS403,722825104132
1061,CSE,3,U23CS404,722825104132
1062,CSE,3,U23AM495,722825104132
1063,CSE,3,U23CS491,722825104132
1064,CSE,3,U23IT481,722825104132
1065,CSE,5,U23CS405,722824104008
1066,CSE,5,U23EC383,722824104008
1067,CSE,5,U23CS584,722824104008
1068,CSE,5,U23CS591,722824104008
1069,CSE,5,U23CC583,722824104008
1070,CSE,5,U23IT593,722824104008
1071,CSE,5,U23EC382,722824104008
1072,CSE,5,U23CB593,722824104008
1073,CSE,5,U23AD491,722824104008
1074,CSE,5,U23CS405,722824104013
1075,CSE,5,U23EC383,722824104013
1076,CSE,5,U23CS584,722824104013
1077,CSE,5,U23CS591,722824104013
1078,CSE,5,U23CC583,722824104013
1079,CSE,5,U23IT593,722824104013
1080,CSE,5,U23EC382,722824104013
1081,CSE,5,U23CB593,722824104013
1082,CSE,5,U23AD491,722824104013
1083,CSE,5,U23CS405,722824104015
1084,CSE,5,U23EC383,722824104015
1085,CSE,5,U23CS584,722824104015
1086,CSE,5,U23CS591,722824104015
1087,CSE,5,U23CC583,722824104015
1088,CSE,5,U23IT593,722824104015
1089,CSE,5,U23EC382,722824104015
1090,CSE,5,U23CB593,722824104015
1091,CSE,5,U23AD491,722824104015
1092,CSE,5,U23CS405,722824104022
1093,CSE,5,U23EC383,722824104022
1094,CSE,5,U23CS584,722824104022
1095,CSE,5,U23CS591,722824104022
1096,CSE,5,U23CC583,722824104022
1097,CSE,5,U23IT593,722824104022
1098,CSE,5,U23EC382,722824104022
1099,CSE,5,U23CB593,722824104022
1100,CSE,5,U23AD491,722824104022
1101,CSE,5,U23CS405,722824104026
1102,CSE,5,U23EC383,722824104026
1103,CSE,5,U23CS584,722824104026
1104,CSE,5,U23CS591,722824104026
1105,CSE,5,U23CC583,722824104026
1106,CSE,5,U23IT593,722824104026
1107,CSE,5,U23EC382,722824104026
1108,CSE,5,U23CB593,722824104026
1109,CSE,5,U23AD491,722824104026
1110,CSE,5,U23CS405,722824104049
1111,CSE,5,U23EC383,722824104049
1112,CSE,5,U23CS584,722824104049
1113,CSE,5,U23CS591,722824104049
1114,CSE,5,U23CC583,722824104049
1115,CSE,5,U23IT593,722824104049
1116,CSE,5,U23EC382,722824104049
1117,CSE,5,U23CB593,722824104049
1118,CSE,5,U23AD491,722824104049
1119,CSE,5,U23CS405,722824104062
1120,CSE,5,U23EC383,722824104062
1121,CSE,5,U23CS584,722824104062
1122,CSE,5,U23CS591,722824104062
1123,CSE,5,U23CC583,722824104062
1124,CSE,5,U23IT593,722824104062
1125,CSE,5,U23EC382,722824104062
1126,CSE,5,U23CB593,722824104062
1127,CSE,5,U23AD491,722824104062
1128,CSE,5,U23CS405,722824104263
1129,CSE,5,U23EC383,722824104263
1130,CSE,5,U23CS584,722824104263
1131,CSE,5,U23CS591,722824104263
1132,CSE,5,U23CC583,722824104263
1133,CSE,5,U23IT593,722824104263
1134,CSE,5,U23EC382,722824104263
1135,CSE,5,U23CB593,722824104263
1136,CSE,5,U23AD491,722824104263
1137,CSE,5,U23CS405,722824104317
1138,CSE,5,U23EC383,722824104317
1139,CSE,5,U23CS584,722824104317
1140,CSE,5,U23CS591,722824104317
1141,CSE,5,U23CC583,722824104317
1142,CSE,5,U23IT593,722824104317
1143,CSE,5,U23EC382,722824104317
1144,CSE,5,U23CB593,722824104317
1145,CSE,5,U23AD491,722824104317
1146,CSE,5,U23CS405,722824104319
1147,CSE,5,U23EC383,722824104319
1148,CSE,5,U23CS584,722824104319
1149,CSE,5,U23CS591,722824104319
1150,CSE,5,U23CC583,722824104319
1151,CSE,5,U23IT593,722824104319
1152,CSE,5,U23EC382,722824104319
1153,CSE,5,U23CB593,722824104319
1154,CSE,5,U23AD491,722824104319
1155,CSE,5,U23CS405,722824104083
1156,CSE,5,U23EC383,722824104083
1157,CSE,5,U23CS584,722824104083
1158,CSE,5,U23CS591,722824104083
1159,CSE,5,U23CC583,722824104083
1160,CSE,5,U23IT593,722824104083
1161,CSE,5,U23EC382,722824104083
1162,CSE,5,U23CB593,722824104083
1163,CSE,5,U23AD491,722824104083
1164,CSE,5,U23CS405,722824104041
1165,CSE,5,U23EC383,722824104041
1166,CSE,5,U23CS584,722824104041
1167,CSE,5,U23CS591,722824104041
1168,CSE,5,U23CC583,722824104041
1169,CSE,5,U23IT593,722824104041
1170,CSE,5,U23EC382,722824104041
1171,CSE,5,U23CB593,722824104041
1172,CSE,5,U23AD491,722824104041
1173,CSE,5,U23CS405,722824104044
1174,CSE,5,U23EC383,722824104044
1175,CSE,5,U23CS584,722824104044
1176,CSE,5,U23CS591,722824104044
1177,CSE,5,U23CC583,722824104044
1178,CSE,5,U23IT593,722824104044
1179,CSE,5,U23EC382,722824104044
1180,CSE,5,U23CB593,722824104044
1181,CSE,5,U23AD491,722824104044
1182,CSE,5,U23CS405,722824104121
1183,CSE,5,U23EC383,722824104121
1184,CSE,5,U23CS584,722824104121
1185,CSE,5,U23CS591,722824104121
1186,CSE,5,U23CC583,722824104121
1187,CSE,5,U23IT593,722824104121
1188,CSE,5,U23EC382,722824104121
1189,CSE,5,U23CB593,722824104121
1190,CSE,5,U23AD491,722824104121
1191,CSE,5,U23CS405,722824104107
1192,CSE,5,U23EC383,722824104107
1193,CSE,5,U23CS584,722824104107
1194,CSE,5,U23CS591,722824104107
1195,CSE,5,U23CC583,722824104107
1196,CSE,5,U23IT593,722824104107
1197,CSE,5,U23EC382,722824104107
1198,CSE,5,U23CB593,722824104107
1199,CSE,5,U23AD491,722824104107
1200,CSE,5,U23CS405,722824104079
1201,CSE,5,U23EC383,722824104079
1202,CSE,5,U23CS584,722824104079
1203,CSE,5,U23CS591,722824104079
1204,CSE,5,U23CC583,722824104079
1205,CSE,5,U23IT593,722824104079
1206,CSE,5,U23EC382,722824104079
1207,CSE,5,U23CB593,722824104079
1208,CSE,5,U23AD491,722824104079
1209,CSE,7,U23CB103,722823104117
1210,CSE,7,U23CB104,722823104117
1211,CSE,7,U23IT483,722823104117
1212,CSE,7,U23CS531,722823104117
1213,CSE,7,U23OEC84,722823104117
1214,CSE,7,U23CB103,722823104027
1215,CSE,7,U23CB104,722823104027
1216,CSE,7,U23IT483,722823104027
1217,CSE,7,U23CS531,722823104027
1218,CSE,7,U23OEC84,722823104027
1219,CSE,7,U23CB103,722823104135
1220,CSE,7,U23CB104,722823104135
1221,CSE,7,U23IT483,722823104135
1222,CSE,7,U23CS531,722823104135
1223,CSE,7,U23OEC84,722823104135
1224,CSE,7,U23CB103,722823104158
1225,CSE,7,U23CB104,722823104158
1226,CSE,7,U23IT483,722823104158
1227,CSE,7,U23CS531,722823104158
1228,CSE,7,U23OEC84,722823104158
1229,CSE,7,U23CB103,722823104183
1230,CSE,7,U23CB104,722823104183
1231,CSE,7,U23IT483,722823104183
1232,CSE,7,U23CS531,722823104183
1233,CSE,7,U23OEC84,722823104183
1234,CSE,7,U23CB103,722823104189
1235,CSE,7,U23CB104,722823104189
1236,CSE,7,U23IT483,722823104189
1237,CSE,7,U23CS531,722823104189
1238,CSE,7,U23OEC84,722823104189
1239,CSE,7,U23CB103,722823104304
1240,CSE,7,U23CB104,722823104304
1241,CSE,7,U23IT483,722823104304
1242,CSE,7,U23CS531,722823104304
1243,CSE,7,U23OEC84,722823104304
1244,CSE,7,U23CB103,722823104168
1245,CSE,7,U23CB104,722823104168
1246,CSE,7,U23IT483,722823104168
1247,CSE,7,U23CS531,722823104168
1248,CSE,7,U23OEC84,722823104168
1249,CSY,3,U23MA211,722825149063
1250,CSY,3,U23CS403,722825149063
1251,CSY,3,U23CS404,722825149063
1252,CSY,3,U23SY483,722825149063
1253,CSY,3,U23CS491,722825149063
1254,CSY,3,U23EC384,722825149063
1255,CSY,3,U23MA211,722825149006
1256,CSY,3,U23CS403,722825149006
1257,CSY,3,U23CS404,722825149006
1258,CSY,3,U23SY483,722825149006
1259,CSY,3,U23CS491,722825149006
1260,CSY,3,U23EC384,722825149006
1261,CSY,3,U23MA211,722825149026
1262,CSY,3,U23CS403,722825149026
1263,CSY,3,U23CS404,722825149026
1264,CSY,3,U23SY483,722825149026
1265,CSY,3,U23CS491,722825149026
1266,CSY,3,U23EC384,722825149026
1267,CSY,3,U23MA211,722825149023
1268,CSY,3,U23CS403,722825149023
1269,CSY,3,U23CS404,722825149023
1270,CSY,3,U23SY483,722825149023
1271,CSY,3,U23CS491,722825149023
1272,CSY,3,U23EC384,722825149023
1273,CSY,3,U23MA211,722825149051
1274,CSY,3,U23CS403,722825149051
1275,CSY,3,U23CS404,722825149051
1276,CSY,3,U23SY483,722825149051
1277,CSY,3,U23CS491,722825149051
1278,CSY,3,U23EC384,722825149051
1279,CSY,3,U23MA211,722825149057
1280,CSY,3,U23CS403,722825149057
1281,CSY,3,U23CS404,722825149057
1282,CSY,3,U23SY483,722825149057
1283,CSY,3,U23CS491,722825149057
1284,CSY,3,U23EC384,722825149057
1285,CSY,3,U23MA211,722825149050
1286,CSY,3,U23CS403,722825149050
1287,CSY,3,U23CS404,722825149050
1288,CSY,3,U23SY483,722825149050
1289,CSY,3,U23CS491,722825149050
1290,CSY,3,U23EC384,722825149050
1291,CSY,5,U23SY402,722824149056
1292,CSY,5,U23SY484,722824149056
1293,CSY,5,U23CS584,722824149056
1294,CSY,5,U23CS591,722824149056
1295,CSY,5,U23CC583,722824149056
1296,CSY,5,U23IT593,722824149056
1297,CSY,5,U23EC382,722824149056
1298,CSY,5,U23CB593,722824149056
1299,CSY,5,U23SY491,722824149056
1300,CSY,5,U23SY402,722824149021
1301,CSY,5,U23SY484,722824149021
1302,CSY,5,U23CS584,722824149021
1303,CSY,5,U23CS591,722824149021
1304,CSY,5,U23CC583,722824149021
1305,CSY,5,U23IT593,722824149021
1306,CSY,5,U23EC382,722824149021
1307,CSY,5,U23CB593,722824149021
1308,CSY,5,U23SY491,722824149021
1309,ECE,3,U23MA207,722825106110
1310,ECE,3,U23EC403,722825106110
1311,ECE,3,U23OCS82,722825106110
1312,ECE,3,U23EC421,722825106110
1313,ECE,3,U23EC422,722825106110
1314,ECE,3,U23CS491,722825106110
1315,ECE,3,U23MA207,722825106166
1316,ECE,3,U23EC403,722825106166
1317,ECE,3,U23OCS82,722825106166
1318,ECE,3,U23EC421,722825106166
1319,ECE,3,U23EC422,722825106166
1320,ECE,3,U23CS491,722825106166
1321,ECE,5,U23EC492,722824106124
1322,ECE,5,U23EC407,722824106124
1323,ECE,5,U23EC408,722824106124
1324,ECE,5,U23EC482,722824106124
1325,ECE,5,U23EC514,722824106124
1326,ECE,5,U23EC581,722824106124
1327,ECE,5,U23EC592,722824106124
1328,ECE,5,U23EC595,722824106124
1329,ECE,5,U23EC492,722824106027
1330,ECE,5,U23EC407,722824106027
1331,ECE,5,U23EC408,722824106027
1332,ECE,5,U23EC482,722824106027
1333,ECE,5,U23EC514,722824106027
1334,ECE,5,U23EC581,722824106027
1335,ECE,5,U23EC592,722824106027
1336,ECE,5,U23EC595,722824106027
1337,ECE,5,U23EC492,722824106065
1338,ECE,5,U23EC407,722824106065
1339,ECE,5,U23EC408,722824106065
1340,ECE,5,U23EC482,722824106065
1341,ECE,5,U23EC514,722824106065
1342,ECE,5,U23EC581,722824106065
1343,ECE,5,U23EC592,722824106065
1344,ECE,5,U23EC595,722824106065
1345,ECE,3,U23MA207,722825106144
1346,ECE,3,U23EC403,722825106144
1347,ECE,3,U23OCS82,722825106144
1348,ECE,3,U23EC421,722825106144
1349,ECE,3,U23EC422,722825106144
1350,ECE,3,U23CS491,722825106144
1351,ECE,7,U23CB103,722823106016
1352,ECE,7,U23CB104,722823106016
1353,ECE,7,U23EC411,722823106016
1354,ECE,7,U23EC483,722823106016
1355,ECE,7,U23EC551,722823106016
1356,ECE,7,U23OME01,722823106016
1357,ECE,5,U23EC492,722824106132
1358,ECE,5,U23EC407,722824106132
1359,ECE,5,U23EC408,722824106132
1360,ECE,5,U23EC482,722824106132
1361,ECE,5,U23EC514,722824106132
1362,ECE,5,U23EC581,722824106132
1363,ECE,5,U23EC592,722824106132
1364,ECE,5,U23EC595,722824106132
1365,ECE,5,U23EC492,722824106141
1366,ECE,5,U23EC407,722824106141
1367,ECE,5,U23EC408,722824106141
1368,ECE,5,U23EC482,722824106141
1369,ECE,5,U23EC514,722824106141
1370,ECE,5,U23EC581,722824106141
1371,ECE,5,U23EC592,722824106141
1372,ECE,5,U23EC595,722824106141
1373,ECE,5,U23EC492,722824106178
1374,ECE,5,U23EC407,722824106178
1375,ECE,5,U23EC408,722824106178
1376,ECE,5,U23EC482,722824106178
1377,ECE,5,U23EC514,722824106178
1378,ECE,5,U23EC581,722824106178
1379,ECE,5,U23EC592,722824106178
1380,ECE,5,U23EC595,722824106178
1381,ECE,7,U23CB103,722823106303
1382,ECE,7,U23CB104,722823106303
1383,ECE,7,U23EC411,722823106303
1384,ECE,7,U23EC483,722823106303
1385,ECE,7,U23EC551,722823106303
1386,ECE,7,U23OME01,722823106303
1387,ECE,5,U23EC492,722824106034
1388,ECE,5,U23EC407,722824106034
1389,ECE,5,U23EC408,722824106034
1390,ECE,5,U23EC482,722824106034
1391,ECE,5,U23EC514,722824106034
1392,ECE,5,U23EC581,722824106034
1393,ECE,5,U23EC592,722824106034
1394,ECE,5,U23EC595,722824106034
1395,ECE,5,U23EC492,722824106041
1396,ECE,5,U23EC407,722824106041
1397,ECE,5,U23EC408,722824106041
1398,ECE,5,U23EC482,722824106041
1399,ECE,5,U23EC514,722824106041
1400,ECE,5,U23EC581,722824106041
1401,ECE,5,U23EC592,722824106041
1402,ECE,5,U23EC595,722824106041
1403,ECE,5,U23EC492,722824106045
1404,ECE,5,U23EC407,722824106045
1405,ECE,5,U23EC408,722824106045
1406,ECE,5,U23EC482,722824106045
1407,ECE,5,U23EC514,722824106045
1408,ECE,5,U23EC581,722824106045
1409,ECE,5,U23EC592,722824106045
1410,ECE,5,U23EC595,722824106045
1411,ECE,5,U23EC492,722824106066
1412,ECE,5,U23EC407,722824106066
1413,ECE,5,U23EC408,722824106066
1414,ECE,5,U23EC482,722824106066
1415,ECE,5,U23EC514,722824106066
1416,ECE,5,U23EC581,722824106066
1417,ECE,5,U23EC592,722824106066
1418,ECE,5,U23EC595,722824106066
1419,ECE,5,U23EC492,722824106079
1420,ECE,5,U23EC407,722824106079
1421,ECE,5,U23EC408,722824106079
1422,ECE,5,U23EC482,722824106079
1423,ECE,5,U23EC514,722824106079
1424,ECE,5,U23EC581,722824106079
1425,ECE,5,U23EC592,722824106079
1426,ECE,5,U23EC595,722824106079
1427,ECE,5,U23EC492,722824106083
1428,ECE,5,U23EC407,722824106083
1429,ECE,5,U23EC408,722824106083
1430,ECE,5,U23EC482,722824106083
1431,ECE,5,U23EC514,722824106083
1432,ECE,5,U23EC581,722824106083
1433,ECE,5,U23EC592,722824106083
1434,ECE,5,U23EC595,722824106083
1435,ECE,5,U23EC492,722824106084
1436,ECE,5,U23EC407,722824106084
1437,ECE,5,U23EC408,722824106084
1438,ECE,5,U23EC482,722824106084
1439,ECE,5,U23EC514,722824106084
1440,ECE,5,U23EC581,722824106084
1441,ECE,5,U23EC592,722824106084
1442,ECE,5,U23EC595,722824106084
1443,ECE,5,U23EC492,722824106096
1444,ECE,5,U23EC407,722824106096
1445,ECE,5,U23EC408,722824106096
1446,ECE,5,U23EC482,722824106096
1447,ECE,5,U23EC514,722824106096
1448,ECE,5,U23EC581,722824106096
1449,ECE,5,U23EC592,722824106096
1450,ECE,5,U23EC595,722824106096
1451,ECE,5,U23EC492,722824106120
1452,ECE,5,U23EC407,722824106120
1453,ECE,5,U23EC408,722824106120
1454,ECE,5,U23EC482,722824106120
1455,ECE,5,U23EC514,722824106120
1456,ECE,5,U23EC581,722824106120
1457,ECE,5,U23EC592,722824106120
1458,ECE,5,U23EC595,722824106120
1459,ECE,5,U23EC492,722824106303
1460,ECE,5,U23EC407,722824106303
1461,ECE,5,U23EC408,722824106303
1462,ECE,5,U23EC482,722824106303
1463,ECE,5,U23EC514,722824106303
1464,ECE,5,U23EC581,722824106303
1465,ECE,5,U23EC592,722824106303
1466,ECE,5,U23EC595,722824106303
1467,ECE,5,U23EC492,722824106306
1468,ECE,5,U23EC407,722824106306
1469,ECE,5,U23EC408,722824106306
1470,ECE,5,U23EC482,722824106306
1471,ECE,5,U23EC514,722824106306
1472,ECE,5,U23EC581,722824106306
1473,ECE,5,U23EC592,722824106306
1474,ECE,5,U23EC595,722824106306
1475,ECE,5,U23EC492,722824106308
1476,ECE,5,U23EC407,722824106308
1477,ECE,5,U23EC408,722824106308
1478,ECE,5,U23EC482,722824106308
1479,ECE,5,U23EC514,722824106308
1480,ECE,5,U23EC581,722824106308
1481,ECE,5,U23EC592,722824106308
1482,ECE,5,U23EC595,722824106308
1483,ECE,5,U23EC492,722824106312
1484,ECE,5,U23EC407,722824106312
1485,ECE,5,U23EC408,722824106312
1486,ECE,5,U23EC482,722824106312
1487,ECE,5,U23EC514,722824106312
1488,ECE,5,U23EC581,722824106312
1489,ECE,5,U23EC592,722824106312
1490,ECE,5,U23EC595,722824106312
1491,ECE,5,U23EC492,722824106314
1492,ECE,5,U23EC407,722824106314
1493,ECE,5,U23EC408,722824106314
1494,ECE,5,U23EC482,722824106314
1495,ECE,5,U23EC514,722824106314
1496,ECE,5,U23EC581,722824106314
1497,ECE,5,U23EC592,722824106314
1498,ECE,5,U23EC595,722824106314
1499,ECE,5,U23EC492,722824106315
1500,ECE,5,U23EC407,722824106315
1501,ECE,5,U23EC408,722824106315
1502,ECE,5,U23EC482,722824106315
1503,ECE,5,U23EC514,722824106315
1504,ECE,5,U23EC581,722824106315
1505,ECE,5,U23EC592,722824106315
1506,ECE,5,U23EC595,722824106315
1507,ECE,7,U23CB103,722823106102
1508,ECE,7,U23CB104,722823106102
1509,ECE,7,U23EC411,722823106102
1510,ECE,7,U23EC483,722823106102
1511,ECE,7,U23EC551,722823106102
1512,ECE,7,U23OME01,722823106102
1513,ECE,5,U23EC492,722824106055
1514,ECE,5,U23EC407,722824106055
1515,ECE,5,U23EC408,722824106055
1516,ECE,5,U23EC482,722824106055
1517,ECE,5,U23EC514,722824106055
1518,ECE,5,U23EC581,722824106055
1519,ECE,5,U23EC592,722824106055
1520,ECE,5,U23EC595,722824106055
1521,ECE,7,U23CB103,722823106001
1522,ECE,7,U23CB104,722823106001
1523,ECE,7,U23EC411,722823106001
1524,ECE,7,U23EC483,722823106001
1525,ECE,7,U23EC551,722823106001
1526,ECE,7,U23OME01,722823106001
1527,ECE,7,U23CB103,722823106010
1528,ECE,7,U23CB104,722823106010
1529,ECE,7,U23EC411,722823106010
1530,ECE,7,U23EC483,722823106010
1531,ECE,7,U23EC551,722823106010
1532,ECE,7,U23OME01,722823106010
1533,ECE,7,U23CB103,722823106091
1534,ECE,7,U23CB104,722823106091
1535,ECE,7,U23EC411,722823106091
1536,ECE,7,U23EC483,722823106091
1537,ECE,7,U23EC551,722823106091
1538,ECE,7,U23OME01,722823106091
1539,ECE,3,U23MA207,722825106010
1540,ECE,3,U23EC403,722825106010
1541,ECE,3,U23OCS82,722825106010
1542,ECE,3,U23EC421,722825106010
1543,ECE,3,U23EC422,722825106010
1544,ECE,3,U23CS491,722825106010
1545,ECE,3,U23MA207,722825106083
1546,ECE,3,U23EC403,722825106083
1547,ECE,3,U23OCS82,722825106083
1548,ECE,3,U23EC421,722825106083
1549,ECE,3,U23EC422,722825106083
1550,ECE,3,U23CS491,722825106083
1551,ECE,3,U23MA207,722825106143
1552,ECE,3,U23EC403,722825106143
1553,ECE,3,U23OCS82,722825106143
1554,ECE,3,U23EC421,722825106143
1555,ECE,3,U23EC422,722825106143
1556,ECE,3,U23CS491,722825106143
1557,ECE,3,U23MA207,722825106177
1558,ECE,3,U23EC403,722825106177
1559,ECE,3,U23OCS82,722825106177
1560,ECE,3,U23EC421,722825106177
1561,ECE,3,U23EC422,722825106177
1562,ECE,3,U23CS491,722825106177
1563,ECE,3,U23MA207,722825106182
1564,ECE,3,U23EC403,722825106182
1565,ECE,3,U23OCS82,722825106182
1566,ECE,3,U23EC421,722825106182
1567,ECE,3,U23EC422,722825106182
1568,ECE,3,U23CS491,722825106182
1569,ECE,3,U23MA207,722825106501
1570,ECE,3,U23EC403,722825106501
1571,ECE,3,U23OCS82,722825106501
1572,ECE,3,U23EC421,722825106501
1573,ECE,3,U23EC422,722825106501
1574,ECE,3,U23CS491,722825106501
1575,ECE,3,U23MA207,722825106021
1576,ECE,3,U23EC403,722825106021
1577,ECE,3,U23OCS82,722825106021
1578,ECE,3,U23EC421,722825106021
1579,ECE,3,U23EC422,722825106021
1580,ECE,3,U23CS491,722825106021
1581,ECE,3,U23MA207,722825106025
1582,ECE,3,U23EC403,722825106025
1583,ECE,3,U23OCS82,722825106025
1584,ECE,3,U23EC421,722825106025
1585,ECE,3,U23EC422,722825106025
1586,ECE,3,U23CS491,722825106025
1587,ECE,3,U23MA207,722825106080
1588,ECE,3,U23EC403,722825106080
1589,ECE,3,U23OCS82,722825106080
1590,ECE,3,U23EC421,722825106080
1591,ECE,3,U23EC422,722825106080
1592,ECE,3,U23CS491,722825106080
1593,ECE,3,U23MA207,722825106128
1594,ECE,3,U23EC403,722825106128
1595,ECE,3,U23OCS82,722825106128
1596,ECE,3,U23EC421,722825106128
1597,ECE,3,U23EC422,722825106128
1598,ECE,3,U23CS491,722825106128
1599,ECE,3,U23MA207,722825106136
1600,ECE,3,U23EC403,722825106136
1601,ECE,3,U23OCS82,722825106136
1602,ECE,3,U23EC421,722825106136
1603,ECE,3,U23EC422,722825106136
1604,ECE,3,U23CS491,722825106136
1605,ECE,3,U23MA207,722825106142
1606,ECE,3,U23EC403,722825106142
1607,ECE,3,U23OCS82,722825106142
1608,ECE,3,U23EC421,722825106142
1609,ECE,3,U23EC422,722825106142
1610,ECE,3,U23CS491,722825106142
1611,ECE,3,U23MA207,722825106004
1612,ECE,3,U23EC403,722825106004
1613,ECE,3,U23OCS82,722825106004
1614,ECE,3,U23EC421,722825106004
1615,ECE,3,U23EC422,722825106004
1616,ECE,3,U23CS491,722825106004
1617,ECE,3,U23MA207,722825106016
1618,ECE,3,U23EC403,722825106016
1619,ECE,3,U23OCS82,722825106016
1620,ECE,3,U23EC421,722825106016
1621,ECE,3,U23EC422,722825106016
1622,ECE,3,U23CS491,722825106016
1623,ECE,3,U23MA207,722825106017
1624,ECE,3,U23EC403,722825106017
1625,ECE,3,U23OCS82,722825106017
1626,ECE,3,U23EC421,722825106017
1627,ECE,3,U23EC422,722825106017
1628,ECE,3,U23CS491,722825106017
1629,ECE,3,U23MA207,722825106023
1630,ECE,3,U23EC403,722825106023
1631,ECE,3,U23OCS82,722825106023
1632,ECE,3,U23EC421,722825106023
1633,ECE,3,U23EC422,722825106023
1634,ECE,3,U23CS491,722825106023
1635,ECE,3,U23MA207,722825106045
1636,ECE,3,U23EC403,722825106045
1637,ECE,3,U23OCS82,722825106045
1638,ECE,3,U23EC421,722825106045
1639,ECE,3,U23EC422,722825106045
1640,ECE,3,U23CS491,722825106045
1641,ECE,3,U23MA207,722825106052
1642,ECE,3,U23EC403,722825106052
1643,ECE,3,U23OCS82,722825106052
1644,ECE,3,U23EC421,722825106052
1645,ECE,3,U23EC422,722825106052
1646,ECE,3,U23CS491,722825106052
1647,ECE,3,U23MA207,722825106056
1648,ECE,3,U23EC403,722825106056
1649,ECE,3,U23OCS82,722825106056
1650,ECE,3,U23EC421,722825106056
1651,ECE,3,U23EC422,722825106056
1652,ECE,3,U23CS491,722825106056
1653,ECE,3,U23MA207,722825106059
1654,ECE,3,U23EC403,722825106059
1655,ECE,3,U23OCS82,722825106059
1656,ECE,3,U23EC421,722825106059
1657,ECE,3,U23EC422,722825106059
1658,ECE,3,U23CS491,722825106059
1659,ECE,3,U23MA207,722825106071
1660,ECE,3,U23EC403,722825106071
1661,ECE,3,U23OCS82,722825106071
1662,ECE,3,U23EC421,722825106071
1663,ECE,3,U23EC422,722825106071
1664,ECE,3,U23CS491,722825106071
1665,ECE,3,U23MA207,722825106105
1666,ECE,3,U23EC403,722825106105
1667,ECE,3,U23OCS82,722825106105
1668,ECE,3,U23EC421,722825106105
1669,ECE,3,U23EC422,722825106105
1670,ECE,3,U23CS491,722825106105
1671,ECE,3,U23MA207,722825106139
1672,ECE,3,U23EC403,722825106139
1673,ECE,3,U23OCS82,722825106139
1674,ECE,3,U23EC421,722825106139
1675,ECE,3,U23EC422,722825106139
1676,ECE,3,U23CS491,722825106139
1677,ECE,3,U23MA207,722825106181
1678,ECE,3,U23EC403,722825106181
1679,ECE,3,U23OCS82,722825106181
1680,ECE,3,U23EC421,722825106181
1681,ECE,3,U23EC422,722825106181
1682,ECE,3,U23CS491,722825106181
1683,ECE,3,U23MA207,722825106188
1684,ECE,3,U23EC403,722825106188
1685,ECE,3,U23OCS82,722825106188
1686,ECE,3,U23EC421,722825106188
1687,ECE,3,U23EC422,722825106188
1688,ECE,3,U23CS491,722825106188
1689,ECE,3,U23MA207,722825106018
1690,ECE,3,U23EC403,722825106018
1691,ECE,3,U23OCS82,722825106018
1692,ECE,3,U23EC421,722825106018
1693,ECE,3,U23EC422,722825106018
1694,ECE,3,U23CS491,722825106018
1695,ECE,3,U23MA207,722825106041
1696,ECE,3,U23EC403,722825106041
1697,ECE,3,U23OCS82,722825106041
1698,ECE,3,U23EC421,722825106041
1699,ECE,3,U23EC422,722825106041
1700,ECE,3,U23CS491,722825106041
1701,ECE,3,U23MA207,722825106042
1702,ECE,3,U23EC403,722825106042
1703,ECE,3,U23OCS82,722825106042
1704,ECE,3,U23EC421,722825106042
1705,ECE,3,U23EC422,722825106042
1706,ECE,3,U23CS491,722825106042
1707,ECE,3,U23MA207,722825106043
1708,ECE,3,U23EC403,722825106043
1709,ECE,3,U23OCS82,722825106043
1710,ECE,3,U23EC421,722825106043
1711,ECE,3,U23EC422,722825106043
1712,ECE,3,U23CS491,722825106043
1713,ECE,3,U23MA207,722825106126
1714,ECE,3,U23EC403,722825106126
1715,ECE,3,U23OCS82,722825106126
1716,ECE,3,U23EC421,722825106126
1717,ECE,3,U23EC422,722825106126
1718,ECE,3,U23CS491,722825106126
1719,ECE,5,U23EC492,722824106028
1720,ECE,5,U23EC407,722824106028
1721,ECE,5,U23EC408,722824106028
1722,ECE,5,U23EC482,722824106028
1723,ECE,5,U23EC514,722824106028
1724,ECE,5,U23EC581,722824106028
1725,ECE,5,U23EC592,722824106028
1726,ECE,5,U23EC595,722824106028
1727,ECE,5,U23EC492,722824106161
1728,ECE,5,U23EC407,722824106161
1729,ECE,5,U23EC408,722824106161
1730,ECE,5,U23EC482,722824106161
1731,ECE,5,U23EC514,722824106161
1732,ECE,5,U23EC581,722824106161
1733,ECE,5,U23EC592,722824106161
1734,ECE,5,U23EC595,722824106161
1735,ECE,5,U23EC492,722824106311
1736,ECE,5,U23EC407,722824106311
1737,ECE,5,U23EC408,722824106311
1738,ECE,5,U23EC482,722824106311
1739,ECE,5,U23EC514,722824106311
1740,ECE,5,U23EC581,722824106311
1741,ECE,5,U23EC592,722824106311
1742,ECE,5,U23EC595,722824106311
1743,ECE,5,U23EC492,722824106174
1744,ECE,5,U23EC407,722824106174
1745,ECE,5,U23EC408,722824106174
1746,ECE,5,U23EC482,722824106174
1747,ECE,5,U23EC514,722824106174
1748,ECE,5,U23EC581,722824106174
1749,ECE,5,U23EC592,722824106174
1750,ECE,5,U23EC595,722824106174
1751,ECE,5,U23EC492,722824106004
1752,ECE,5,U23EC407,722824106004
1753,ECE,5,U23EC408,722824106004
1754,ECE,5,U23EC482,722824106004
1755,ECE,5,U23EC514,722824106004
1756,ECE,5,U23EC581,722824106004
1757,ECE,5,U23EC592,722824106004
1758,ECE,5,U23EC595,722824106004
1759,ECE,5,U23EC492,722824106136
1760,ECE,5,U23EC407,722824106136
1761,ECE,5,U23EC408,722824106136
1762,ECE,5,U23EC482,722824106136
1763,ECE,5,U23EC514,722824106136
1764,ECE,5,U23EC581,722824106136
1765,ECE,5,U23EC592,722824106136
1766,ECE,5,U23EC595,722824106136
1767,ECE,5,U23EC492,722824106139
1768,ECE,5,U23EC407,722824106139
1769,ECE,5,U23EC408,722824106139
1770,ECE,5,U23EC482,722824106139
1771,ECE,5,U23EC514,722824106139
1772,ECE,5,U23EC581,722824106139
1773,ECE,5,U23EC592,722824106139
1774,ECE,5,U23EC595,722824106139
1775,ECE,5,U23EC492,722824106001
1776,ECE,5,U23EC407,722824106001
1777,ECE,5,U23EC408,722824106001
1778,ECE,5,U23EC482,722824106001
1779,ECE,5,U23EC514,722824106001
1780,ECE,5,U23EC581,722824106001
1781,ECE,5,U23EC592,722824106001
1782,ECE,5,U23EC595,722824106001
1783,ECE,5,U23EC492,722824106049
1784,ECE,5,U23EC407,722824106049
1785,ECE,5,U23EC408,722824106049
1786,ECE,5,U23EC482,722824106049
1787,ECE,5,U23EC514,722824106049
1788,ECE,5,U23EC581,722824106049
1789,ECE,5,U23EC592,722824106049
1790,ECE,5,U23EC595,722824106049
1791,ECE,7,U23CB103,722823106178
1792,ECE,7,U23CB104,722823106178
1793,ECE,7,U23EC411,722823106178
1794,ECE,7,U23EC483,722823106178
1795,ECE,7,U23EC551,722823106178
1796,ECE,7,U23OME01,722823106178
1797,ECE,7,U23CB103,722823106034
1798,ECE,7,U23CB104,722823106034
1799,ECE,7,U23EC411,722823106034
1800,ECE,7,U23EC483,722823106034
1801,ECE,7,U23EC551,722823106034
1802,ECE,7,U23OME01,722823106034
1803,ECE,7,U23CB103,722823106146
1804,ECE,7,U23CB104,722823106146
1805,ECE,7,U23EC411,722823106146
1806,ECE,7,U23EC483,722823106146
1807,ECE,7,U23EC551,722823106146
1808,ECE,7,U23OME01,722823106146
1809,ECE,7,U23CB103,722823106165
1810,ECE,7,U23CB104,722823106165
1811,ECE,7,U23EC411,722823106165
1812,ECE,7,U23EC483,722823106165
1813,ECE,7,U23EC551,722823106165
1814,ECE,7,U23OME01,722823106165
1815,ECE,7,U23CB103,722823106187
1816,ECE,7,U23CB104,722823106187
1817,ECE,7,U23EC411,722823106187
1818,ECE,7,U23EC483,722823106187
1819,ECE,7,U23EC551,722823106187
1820,ECE,7,U23OME01,722823106187
1821,EEE,5,U23EE407,722824105501
1822,EEE,5,U23EE408,722824105501
1823,EEE,5,U23EE491,722824105501
1824,EEE,5,U23EE582,722824105501
1825,EEE,5,U23EE585,722824105501
1826,EEE,5,U23EE409,722824105501
1827,EEE,5,U23OCS85,722824105501
1828,EEE,5,U23EE407,722824105307
1829,EEE,5,U23EE408,722824105307
1830,EEE,5,U23EE491,722824105307
1831,EEE,5,U23EE582,722824105307
1832,EEE,5,U23EE585,722824105307
1833,EEE,5,U23EE409,722824105307
1834,EEE,5,U23OCS85,722824105307
1835,EEE,5,U23EE407,722824105301
1836,EEE,5,U23EE408,722824105301
1837,EEE,5,U23EE491,722824105301
1838,EEE,5,U23EE582,722824105301
1839,EEE,5,U23EE585,722824105301
1840,EEE,5,U23EE409,722824105301
1841,EEE,5,U23OCS85,722824105301
1842,EEE,5,U23EE407,722824105303
1843,EEE,5,U23EE408,722824105303
1844,EEE,5,U23EE491,722824105303
1845,EEE,5,U23EE582,722824105303
1846,EEE,5,U23EE585,722824105303
1847,EEE,5,U23EE409,722824105303
1848,EEE,5,U23OCS85,722824105303
1849,EEE,7,U23CB103,722823105049
1850,EEE,7,U23CB104,722823105049
1851,EEE,7,U23EE413,722823105049
1852,EEE,7,U23EE582,722823105049
1853,EEE,7,U23EE514,722823105049
1854,EEE,7,U23EE544,722823105049
1855,EEE,7,U23EE522,722823105049
1856,EEE,7,U23EE524,722823105049
1857,EEE,7,U23CB103,722823105048
1858,EEE,7,U23CB104,722823105048
1859,EEE,7,U23EE413,722823105048
1860,EEE,7,U23EE582,722823105048
1861,EEE,7,U23EE514,722823105048
1862,EEE,7,U23EE544,722823105048
1863,EEE,7,U23EE522,722823105048
1864,EEE,7,U23EE524,722823105048
1865,EEE,3,U23MA207,722825105014
1866,EEE,3,U23CS303,722825105014
1867,EEE,3,U23OCS82,722825105014
1868,EEE,3,U23EE403,722825105014
1869,EEE,3,U23CS491,722825105014
1870,EEE,3,U23EE402,722825105014
1871,EEE,3,U23MA207,722825105029
1872,EEE,3,U23CS303,722825105029
1873,EEE,3,U23OCS82,722825105029
1874,EEE,3,U23EE403,722825105029
1875,EEE,3,U23CS491,722825105029
1876,EEE,3,U23EE402,722825105029
1877,EEE,3,U23MA207,722825105056
1878,EEE,3,U23CS303,722825105056
1879,EEE,3,U23OCS82,722825105056
1880,EEE,3,U23EE403,722825105056
1881,EEE,3,U23CS491,722825105056
1882,EEE,3,U23EE402,722825105056
1883,EEE,3,U23MA207,722825105003
1884,EEE,3,U23CS303,722825105003
1885,EEE,3,U23OCS82,722825105003
1886,EEE,3,U23EE403,722825105003
1887,EEE,3,U23CS491,722825105003
1888,EEE,3,U23EE402,722825105003
1889,EEE,3,U23MA207,722825105010
1890,EEE,3,U23CS303,722825105010
1891,EEE,3,U23OCS82,722825105010
1892,EEE,3,U23EE403,722825105010
1893,EEE,3,U23CS491,722825105010
1894,EEE,3,U23EE402,722825105010
1895,EEE,3,U23MA207,722825105016
1896,EEE,3,U23CS303,722825105016
1897,EEE,3,U23OCS82,722825105016
1898,EEE,3,U23EE403,722825105016
1899,EEE,3,U23CS491,722825105016
1900,EEE,3,U23EE402,722825105016
1901,EEE,3,U23MA207,722825105026
1902,EEE,3,U23CS303,722825105026
1903,EEE,3,U23OCS82,722825105026
1904,EEE,3,U23EE403,722825105026
1905,EEE,3,U23CS491,722825105026
1906,EEE,3,U23EE402,722825105026
1907,EEE,3,U23MA207,722825105061
1908,EEE,3,U23CS303,722825105061
1909,EEE,3,U23OCS82,722825105061
1910,EEE,3,U23EE403,722825105061
1911,EEE,3,U23CS491,722825105061
1912,EEE,3,U23EE402,722825105061
1913,EEE,3,U23MA207,722825105046
1914,EEE,3,U23CS303,722825105046
1915,EEE,3,U23OCS82,722825105046
1916,EEE,3,U23EE403,722825105046
1917,EEE,3,U23CS491,722825105046
1918,EEE,3,U23EE402,722825105046
1919,EEE,3,U23MA207,722825105039
1920,EEE,3,U23CS303,722825105039
1921,EEE,3,U23OCS82,722825105039
1922,EEE,3,U23EE403,722825105039
1923,EEE,3,U23CS491,722825105039
1924,EEE,3,U23EE402,722825105039
1925,EEE,5,U23EE407,722824105020
1926,EEE,5,U23EE408,722824105020
1927,EEE,5,U23EE491,722824105020
1928,EEE,5,U23EE582,722824105020
1929,EEE,5,U23EE585,722824105020
1930,EEE,5,U23EE409,722824105020
1931,EEE,5,U23OCS85,722824105020
1932,EEE,5,U23EE407,722824105044
1933,EEE,5,U23EE408,722824105044
1934,EEE,5,U23EE491,722824105044
1935,EEE,5,U23EE582,722824105044
1936,EEE,5,U23EE585,722824105044
1937,EEE,5,U23EE409,722824105044
1938,EEE,5,U23OCS85,722824105044
1939,EEE,5,U23EE407,722824105304
1940,EEE,5,U23EE408,722824105304
1941,EEE,5,U23EE491,722824105304
1942,EEE,5,U23EE582,722824105304
1943,EEE,5,U23EE585,722824105304
1944,EEE,5,U23EE409,722824105304
1945,EEE,5,U23OCS85,722824105304
1946,EEE,5,U23EE407,722824105306
1947,EEE,5,U23EE408,722824105306
1948,EEE,5,U23EE491,722824105306
1949,EEE,5,U23EE582,722824105306
1950,EEE,5,U23EE585,722824105306
1951,EEE,5,U23EE409,722824105306
1952,EEE,5,U23OCS85,722824105306
1953,EEE,5,U23EE407,722824105003
1954,EEE,5,U23EE408,722824105003
1955,EEE,5,U23EE491,722824105003
1956,EEE,5,U23EE582,722824105003
1957,EEE,5,U23EE585,722824105003
1958,EEE,5,U23EE409,722824105003
1959,EEE,5,U23OCS85,722824105003
1960,EEE,5,U23EE407,722824105023
1961,EEE,5,U23EE408,722824105023
1962,EEE,5,U23EE491,722824105023
1963,EEE,5,U23EE582,722824105023
1964,EEE,5,U23EE585,722824105023
1965,EEE,5,U23EE409,722824105023
1966,EEE,5,U23OCS85,722824105023
1967,EEE,5,U23EE407,722824105028
1968,EEE,5,U23EE408,722824105028
1969,EEE,5,U23EE491,722824105028
1970,EEE,5,U23EE582,722824105028
1971,EEE,5,U23EE585,722824105028
1972,EEE,5,U23EE409,722824105028
1973,EEE,5,U23OCS85,722824105028
1974,EEE,5,U23EE407,722824105031
1975,EEE,5,U23EE408,722824105031
1976,EEE,5,U23EE491,722824105031
1977,EEE,5,U23EE582,722824105031
1978,EEE,5,U23EE585,722824105031
1979,EEE,5,U23EE409,722824105031
1980,EEE,5,U23OCS85,722824105031
1981,EEE,5,U23EE407,722824105055
1982,EEE,5,U23EE408,722824105055
1983,EEE,5,U23EE491,722824105055
1984,EEE,5,U23EE582,722824105055
1985,EEE,5,U23EE585,722824105055
1986,EEE,5,U23EE409,722824105055
1987,EEE,5,U23OCS85,722824105055
1988,EEE,5,U23EE407,722824105057
1989,EEE,5,U23EE408,722824105057
1990,EEE,5,U23EE491,722824105057
1991,EEE,5,U23EE582,722824105057
1992,EEE,5,U23EE585,722824105057
1993,EEE,5,U23EE409,722824105057
1994,EEE,5,U23OCS85,722824105057
1995,EEE,5,U23EE407,722824105040
1996,EEE,5,U23EE408,722824105040
1997,EEE,5,U23EE491,722824105040
1998,EEE,5,U23EE582,722824105040
1999,EEE,5,U23EE585,722824105040
2000,EEE,5,U23EE409,722824105040
2001,EEE,5,U23OCS85,722824105040
2002,EEE,5,U23EE407,722824105050
2003,EEE,5,U23EE408,722824105050
2004,EEE,5,U23EE491,722824105050
2005,EEE,5,U23EE582,722824105050
2006,EEE,5,U23EE585,722824105050
2007,EEE,5,U23EE409,722824105050
2008,EEE,5,U23OCS85,722824105050
2009,EEE,5,U23EE407,722824105004
2010,EEE,5,U23EE408,722824105004
2011,EEE,5,U23EE491,722824105004
2012,EEE,5,U23EE582,722824105004
2013,EEE,5,U23EE585,722824105004
2014,EEE,5,U23EE409,722824105004
2015,EEE,5,U23OCS85,722824105004
2016,EEE,5,U23EE407,722824105005
2017,EEE,5,U23EE408,722824105005
2018,EEE,5,U23EE491,722824105005
2019,EEE,5,U23EE582,722824105005
2020,EEE,5,U23EE585,722824105005
2021,EEE,5,U23EE409,722824105005
2022,EEE,5,U23OCS85,722824105005
2023,EEE,7,U23CB103,722823105029
2024,EEE,7,U23CB104,722823105029
2025,EEE,7,U23EE413,722823105029
2026,EEE,7,U23EE582,722823105029
2027,EEE,7,U23EE514,722823105029
2028,EEE,7,U23EE544,722823105029
2029,EEE,7,U23EE522,722823105029
2030,EEE,7,U23EE524,722823105029
2031,EEE,7,U23CB103,722823105033
2032,EEE,7,U23CB104,722823105033
2033,EEE,7,U23EE413,722823105033
2034,EEE,7,U23EE582,722823105033
2035,EEE,7,U23EE514,722823105033
2036,EEE,7,U23EE544,722823105033
2037,EEE,7,U23EE522,722823105033
2038,EEE,7,U23EE524,722823105033
2039,EEE,7,U23CB103,722823105034
2040,EEE,7,U23CB104,722823105034
2041,EEE,7,U23EE413,722823105034
2042,EEE,7,U23EE582,722823105034
2043,EEE,7,U23EE514,722823105034
2044,EEE,7,U23EE544,722823105034
2045,EEE,7,U23EE522,722823105034
2046,EEE,7,U23EE524,722823105034
2047,IT,7,U23CB103,722823205022
2048,IT,7,U23CB104,722823205022
2049,IT,7,U23CB532,722823205022
2050,IT,7,U23OME07,722823205022
2051,IT,7,U23IT523,722823205022
2052,IT,7,U23CB103,722823205043
2053,IT,7,U23CB104,722823205043
2054,IT,7,U23CB532,722823205043
2055,IT,7,U23OME07,722823205043
2056,IT,7,U23IT523,722823205043
2057,IT,3,U23MA204,722825205055
2058,IT,3,U23CS403,722825205055
2059,IT,3,U23CS404,722825205055
2060,IT,3,U23EC382,722825205055
2061,IT,3,U23CS491,722825205055
2062,IT,3,U23IT481,722825205055
2063,IT,3,U23MA204,722825205052
2064,IT,3,U23CS403,722825205052
2065,IT,3,U23CS404,722825205052
2066,IT,3,U23EC382,722825205052
2067,IT,3,U23CS491,722825205052
2068,IT,3,U23IT481,722825205052
2069,IT,3,U23MA204,722825205020
2070,IT,3,U23CS403,722825205020
2071,IT,3,U23CS404,722825205020
2072,IT,3,U23EC382,722825205020
2073,IT,3,U23CS491,722825205020
2074,IT,3,U23IT481,722825205020
2075,IT,3,U23MA204,722825205042
2076,IT,3,U23CS403,722825205042
2077,IT,3,U23CS404,722825205042
2078,IT,3,U23EC382,722825205042
2079,IT,3,U23CS491,722825205042
2080,IT,3,U23IT481,722825205042
2081,IT,3,U23MA204,722825205058
2082,IT,3,U23CS403,722825205058
2083,IT,3,U23CS404,722825205058
2084,IT,3,U23EC382,722825205058
2085,IT,3,U23CS491,722825205058
2086,IT,3,U23IT481,722825205058
2087,IT,7,U23CB103,722823205501
2088,IT,7,U23CB104,722823205501
2089,IT,7,U23CB532,722823205501
2090,IT,7,U23OME07,722823205501
2091,IT,7,U23IT523,722823205501
2092,IT,5,U23IT403,722824205018
2093,IT,5,U23EC383,722824205018
2094,IT,5,U23OME81,722824205018
2095,IT,5,U23AM495,722824205018
2096,IT,5,U23CB593,722824205018
2097,IT,5,U23AD491,722824205018
2098,IT,5,U23IT403,722824205304
2099,IT,5,U23EC383,722824205304
2100,IT,5,U23OME81,722824205304
2101,IT,5,U23AM495,722824205304
2102,IT,5,U23CB593,722824205304
2103,IT,5,U23AD491,722824205304
2104,IT,5,U23IT403,722824205305
2105,IT,5,U23EC383,722824205305
2106,IT,5,U23OME81,722824205305
2107,IT,5,U23AM495,722824205305
2108,IT,5,U23CB593,722824205305
2109,IT,5,U23AD491,722824205305
2110,IT,5,U23IT403,722824205302
2111,IT,5,U23EC383,722824205302
2112,IT,5,U23OME81,722824205302
2113,IT,5,U23AM495,722824205302
2114,IT,5,U23CB593,722824205302
2115,IT,5,U23AD491,722824205302
2116,IT,3,U23MA204,722825205007
2117,IT,3,U23CS403,722825205007
2118,IT,3,U23CS404,722825205007
2119,IT,3,U23EC382,722825205007
2120,IT,3,U23CS491,722825205007
2121,IT,3,U23IT481,722825205007
2122,IT,3,U23MA204,722825205050
2123,IT,3,U23CS403,722825205050
2124,IT,3,U23CS404,722825205050
2125,IT,3,U23EC382,722825205050
2126,IT,3,U23CS491,722825205050
2127,IT,3,U23IT481,722825205050
2128,IT,3,U23MA204,722825205031
2129,IT,3,U23CS403,722825205031
2130,IT,3,U23CS404,722825205031
2131,IT,3,U23EC382,722825205031
2132,IT,3,U23CS491,722825205031
2133,IT,3,U23IT481,722825205031
2134,IT,3,U23MA204,722825205002
2135,IT,3,U23CS403,722825205002
2136,IT,3,U23CS404,722825205002
2137,IT,3,U23EC382,722825205002
2138,IT,3,U23CS491,722825205002
2139,IT,3,U23IT481,722825205002
2140,IT,3,U23MA204,722825205053
2141,IT,3,U23CS403,722825205053
2142,IT,3,U23CS404,722825205053
2143,IT,3,U23EC382,722825205053
2144,IT,3,U23CS491,722825205053
2145,IT,3,U23IT481,722825205053
2146,IT,5,U23IT403,722824205011
2147,IT,5,U23EC383,722824205011
2148,IT,5,U23OME81,722824205011
2149,IT,5,U23AM495,722824205011
2150,IT,5,U23CB593,722824205011
2151,IT,5,U23AD491,722824205011
2152,IT,5,U23IT403,722824205059
2153,IT,5,U23EC383,722824205059
2154,IT,5,U23OME81,722824205059
2155,IT,5,U23AM495,722824205059
2156,IT,5,U23CB593,722824205059
2157,IT,5,U23AD491,722824205059
2158,IT,5,U23IT403,722824205024
2159,IT,5,U23EC383,722824205024
2160,IT,5,U23OME81,722824205024
2161,IT,5,U23AM495,722824205024
2162,IT,5,U23CB593,722824205024
2163,IT,5,U23AD491,722824205024
2164,IT,5,U23IT403,722824205029
2165,IT,5,U23EC383,722824205029
2166,IT,5,U23OME81,722824205029
2167,IT,5,U23AM495,722824205029
2168,IT,5,U23CB593,722824205029
2169,IT,5,U23AD491,722824205029
2170,IT,5,U23IT403,722824205042
2171,IT,5,U23EC383,722824205042
2172,IT,5,U23OME81,722824205042
2173,IT,5,U23AM495,722824205042
2174,IT,5,U23CB593,722824205042
2175,IT,5,U23AD491,722824205042
2176,IT,7,U23CB103,722823205010
2177,IT,7,U23CB104,722823205010
2178,IT,7,U23CB532,722823205010
2179,IT,7,U23OME07,722823205010
2180,IT,7,U23IT523,722823205010
2181,MECH,3,U23MA208,722825114030
2182,MECH,3,U23ME402,722825114030
2183,MECH,3,U23ME481,722825114030
2184,MECH,3,U23EC381,722825114030
2185,MECH,3,U23ME403,722825114030
2186,MECH,3,U23OAD81,722825114030
2187,MECH,5,U23ME405,722824114009
2188,MECH,5,U23ME406,722824114009
2189,MECH,5,U23ME407,722824114009
2190,MECH,5,U23ME522,722824114009
2191,MECH,5,U23AM499,722824114009
2192,MECH,5,U23ME484,722824114009
2193,MECH,5,U23ME592,722824114009
2194,MECH,5,U23ME594,722824114009
2195,MECH,5,U23ME541,722824114009
2196,MECH,7,U23CB103,722823114029
2197,MECH,7,U23CB104,722823114029
2198,MECH,7,U23CS588,722823114029
2199,MECH,7,U23EE524,722823114029
2200,MECH,7,U23AM584,722823114029
2201,MECH,7,U23ME410,722823114029
2202,MECH,7,U23ME552,722823114029
2203,MECH,7,U23AM586,722823114029
2204,MECH,7,U23ME541,722823114029
2205,MECH,7,U23CS521,722823114029
2206,MECH,7,U23EE522,722823114029
2207,MECH,7,U23AM581,722823114029
2208,MECH,7,U23ME592,722823114029
2209,MECH,7,U23ME594,722823114029
2210,MECH,7,U23CB103,722823114019
2211,MECH,7,U23CB104,722823114019
2212,MECH,7,U23CS588,722823114019
2213,MECH,7,U23EE524,722823114019
2214,MECH,7,U23AM584,722823114019
2215,MECH,7,U23ME410,722823114019
2216,MECH,7,U23ME552,722823114019
2217,MECH,7,U23AM586,722823114019
2218,MECH,7,U23ME541,722823114019
2219,MECH,7,U23CS521,722823114019
2220,MECH,7,U23EE522,722823114019
2221,MECH,7,U23AM581,722823114019
2222,MECH,7,U23ME592,722823114019
2223,MECH,7,U23ME594,722823114019
2224,MECH,3,U23MA208,722825114017
2225,MECH,3,U23ME402,722825114017
2226,MECH,3,U23ME481,722825114017
2227,MECH,3,U23EC381,722825114017
2228,MECH,3,U23ME403,722825114017
2229,MECH,3,U23OAD81,722825114017
2230,MECH,5,U23ME405,722824114012
2231,MECH,5,U23ME406,722824114012
2232,MECH,5,U23ME407,722824114012
2233,MECH,5,U23ME522,722824114012
2234,MECH,5,U23AM499,722824114012
2235,MECH,5,U23ME484,722824114012
2236,MECH,5,U23ME592,722824114012
2237,MECH,5,U23ME594,722824114012
2238,MECH,5,U23ME541,722824114012
2239,MECH,5,U23ME405,722824114002
2240,MECH,5,U23ME406,722824114002
2241,MECH,5,U23ME407,722824114002
2242,MECH,5,U23ME522,722824114002
2243,MECH,5,U23AM499,722824114002
2244,MECH,5,U23ME484,722824114002
2245,MECH,5,U23ME592,722824114002
2246,MECH,5,U23ME594,722824114002
2247,MECH,5,U23ME541,722824114002
2248,MECH,5,U23ME405,722824114010
2249,MECH,5,U23ME406,722824114010
2250,MECH,5,U23ME407,722824114010
2251,MECH,5,U23ME522,722824114010
2252,MECH,5,U23AM499,722824114010
2253,MECH,5,U23ME484,722824114010
2254,MECH,5,U23ME592,722824114010
2255,MECH,5,U23ME594,722824114010
2256,MECH,5,U23ME541,722824114010
2257,MECH,5,U23ME405,722824114017
2258,MECH,5,U23ME406,722824114017
2259,MECH,5,U23ME407,722824114017
2260,MECH,5,U23ME522,722824114017
2261,MECH,5,U23AM499,722824114017
2262,MECH,5,U23ME484,722824114017
2263,MECH,5,U23ME592,722824114017
2264,MECH,5,U23ME594,722824114017
2265,MECH,5,U23ME541,722824114017
2266,MECH,5,U23ME405,722824114028
2267,MECH,5,U23ME406,722824114028
2268,MECH,5,U23ME407,722824114028
2269,MECH,5,U23ME522,722824114028
2270,MECH,5,U23AM499,722824114028
2271,MECH,5,U23ME484,722824114028
2272,MECH,5,U23ME592,722824114028
2273,MECH,5,U23ME594,722824114028
2274,MECH,5,U23ME541,722824114028
2275,MECH,5,U23ME405,722824114005
2276,MECH,5,U23ME406,722824114005
2277,MECH,5,U23ME407,722824114005
2278,MECH,5,U23ME522,722824114005
2279,MECH,5,U23AM499,722824114005
2280,MECH,5,U23ME484,722824114005
2281,MECH,5,U23ME592,722824114005
2282,MECH,5,U23ME594,722824114005
2283,MECH,5,U23ME541,722824114005
2284,MECH,3,U23MA208,722825114010
2285,MECH,3,U23ME402,722825114010
2286,MECH,3,U23ME481,722825114010
2287,MECH,3,U23EC381,722825114010
2288,MECH,3,U23ME403,722825114010
2289,MECH,3,U23OAD81,722825114010
2290,MECH,3,U23MA208,722825114011
2291,MECH,3,U23ME402,722825114011
2292,MECH,3,U23ME481,722825114011
2293,MECH,3,U23EC381,722825114011
2294,MECH,3,U23ME403,722825114011
2295,MECH,3,U23OAD81,722825114011
2296,MECH,3,U23MA208,722825114015
2297,MECH,3,U23ME402,722825114015
2298,MECH,3,U23ME481,722825114015
2299,MECH,3,U23EC381,722825114015
2300,MECH,3,U23ME403,722825114015
2301,MECH,3,U23OAD81,722825114015
2302,MECH,3,U23MA208,722825114028
2303,MECH,3,U23ME402,722825114028
2304,MECH,3,U23ME481,722825114028
2305,MECH,3,U23EC381,722825114028
2306,MECH,3,U23ME403,722825114028
2307,MECH,3,U23OAD81,722825114028
2308,MECH,5,U23ME405,722824114025
2309,MECH,5,U23ME406,722824114025
2310,MECH,5,U23ME407,722824114025
2311,MECH,5,U23ME522,722824114025
2312,MECH,5,U23AM499,722824114025
2313,MECH,5,U23ME484,722824114025
2314,MECH,5,U23ME592,722824114025
2315,MECH,5,U23ME594,722824114025
2316,MECH,5,U23ME541,722824114025
2317,MECH,5,U23ME405,722824114301
2318,MECH,5,U23ME406,722824114301
2319,MECH,5,U23ME407,722824114301
2320,MECH,5,U23ME522,722824114301
2321,MECH,5,U23AM499,722824114301
2322,MECH,5,U23ME484,722824114301
2323,MECH,5,U23ME592,722824114301
2324,MECH,5,U23ME594,722824114301
2325,MECH,5,U23ME541,722824114301
2326,MECH,5,U23ME405,722824114027
2327,MECH,5,U23ME406,722824114027
2328,MECH,5,U23ME407,722824114027
2329,MECH,5,U23ME522,722824114027
2330,MECH,5,U23AM499,722824114027
2331,MECH,5,U23ME484,722824114027
2332,MECH,5,U23ME592,722824114027
2333,MECH,5,U23ME594,722824114027
2334,MECH,5,U23ME541,722824114027
2335,MECH,5,U23ME405,722824114014
2336,MECH,5,U23ME406,722824114014
2337,MECH,5,U23ME407,722824114014
2338,MECH,5,U23ME522,722824114014
2339,MECH,5,U23AM499,722824114014
2340,MECH,5,U23ME484,722824114014
2341,MECH,5,U23ME592,722824114014
2342,MECH,5,U23ME594,722824114014
2343,MECH,5,U23ME541,722824114014
2344,MECH,5,U23ME405,722824114501
2345,MECH,5,U23ME406,722824114501
2346,MECH,5,U23ME407,722824114501
2347,MECH,5,U23ME522,722824114501
2348,MECH,5,U23AM499,722824114501
2349,MECH,5,U23ME484,722824114501
2350,MECH,5,U23ME592,722824114501
2351,MECH,5,U23ME594,722824114501
2352,MECH,5,U23ME541,722824114501
2353,MECH,7,U23CB103,722823114010
2354,MECH,7,U23CB104,722823114010
2355,MECH,7,U23CS588,722823114010
2356,MECH,7,U23EE524,722823114010
2357,MECH,7,U23AM584,722823114010
2358,MECH,7,U23ME410,722823114010
2359,MECH,7,U23ME552,722823114010
2360,MECH,7,U23AM586,722823114010
2361,MECH,7,U23ME541,722823114010
2362,MECH,7,U23CS521,722823114010
2363,MECH,7,U23EE522,722823114010
2364,MECH,7,U23AM581,722823114010
2365,MECH,7,U23ME592,722823114010
2366,MECH,7,U23ME594,722823114010
2367,MECH,7,U23CB103,722823114008
2368,MECH,7,U23CB104,722823114008
2369,MECH,7,U23CS588,722823114008
2370,MECH,7,U23EE524,722823114008
2371,MECH,7,U23AM584,722823114008
2372,MECH,7,U23ME410,722823114008
2373,MECH,7,U23ME552,722823114008
2374,MECH,7,U23AM586,722823114008
2375,MECH,7,U23ME541,722823114008
2376,MECH,7,U23CS521,722823114008
2377,MECH,7,U23EE522,722823114008
2378,MECH,7,U23AM581,722823114008
2379,MECH,7,U23ME592,722823114008
2380,MECH,7,U23ME594,722823114008
2381,MECH,7,U23CB103,722823114017
2382,MECH,7,U23CB104,722823114017
2383,MECH,7,U23CS588,722823114017
2384,MECH,7,U23EE524,722823114017
2385,MECH,7,U23AM584,722823114017
2386,MECH,7,U23ME410,722823114017
2387,MECH,7,U23ME552,722823114017
2388,MECH,7,U23AM586,722823114017
2389,MECH,7,U23ME541,722823114017
2390,MECH,7,U23CS521,722823114017
2391,MECH,7,U23EE522,722823114017
2392,MECH,7,U23AM581,722823114017
2393,MECH,7,U23ME592,722823114017
2394,MECH,7,U23ME594,722823114017
